,USAF,YR--MODAHRMN,TEMP,MAX,MIN,Celsius
8770,29980,201705010000,37.0,,,2.7777777777777777
8771,29980,201705010100,37.0,,,2.7777777777777777
8772,29980,201705010200,37.0,,,2.7777777777777777
8773,29980,201705010300,37.0,,,2.7777777777777777
8774,29980,201705010400,39.0,,,3.888888888888889
8775,29980,201705010500,41.0,,,5.0
8776,29980,201705010600,44.0,44.0,35.0,6.666666666666666
8777,29980,201705010700,45.0,,,7.222222222222222
8778,29980,201705010800,48.0,,,8.88888888888889
8779,29980,201705010900,51.0,,,10.555555555555555
8780,29980,201705011000,52.0,,,11.11111111111111
8781,29980,201705011100,51.0,,,10.555555555555555
8782,29980,201705011200,54.0,,,12.222222222222221
8783,29980,201705011300,49.0,,,9.444444444444445
8784,29980,201705011400,50.0,,,10.0
8785,29980,201705011500,52.0,,,11.11111111111111
8786,29980,201705011600,50.0,,,10.0
8787,29980,201705011700,52.0,,,11.11111111111111
8788,29980,201705011800,48.0,54.0,43.0,8.88888888888889
8789,29980,201705011900,48.0,,,8.88888888888889
8790,29980,201705012000,46.0,,,7.777777777777778
8791,29980,201705012100,44.0,,,6.666666666666666
8792,29980,201705012200,42.0,,,5.555555555555555
8793,29980,201705012300,39.0,,,3.888888888888889
8794,29980,201705020000,38.0,,,3.333333333333333
8795,29980,201705020100,36.0,,,2.2222222222222223
8796,29980,201705020200,36.0,,,2.2222222222222223
8797,29980,201705020300,35.0,,,1.6666666666666665
8798,29980,201705020400,40.0,,,4.444444444444445
8799,29980,201705020500,46.0,,,7.777777777777778
8800,29980,201705020600,50.0,50.0,34.0,10.0
8801,29980,201705020700,54.0,,,12.222222222222221
8802,29980,201705020800,52.0,,,11.11111111111111
8803,29980,201705020900,53.0,,,11.666666666666666
8804,29980,201705021000,55.0,,,12.777777777777777
8805,29980,201705021100,55.0,,,12.777777777777777
8806,29980,201705021200,57.0,,,13.88888888888889
8807,29980,201705021300,60.0,,,15.555555555555555
8808,29980,201705021400,60.0,,,15.555555555555555
8809,29980,201705021500,59.0,,,15.0
8810,29980,201705021600,57.0,,,13.88888888888889
8811,29980,201705021700,56.0,,,13.333333333333332
8812,29980,201705021800,53.0,61.0,49.0,11.666666666666666
8813,29980,201705021900,50.0,,,10.0
8814,29980,201705022000,49.0,,,9.444444444444445
8815,29980,201705022100,46.0,,,7.777777777777778
8816,29980,201705022200,46.0,,,7.777777777777778
8817,29980,201705022300,44.0,,,6.666666666666666
8818,29980,201705030000,42.0,,,5.555555555555555
8819,29980,201705030100,40.0,,,4.444444444444445
8820,29980,201705030200,39.0,,,3.888888888888889
8821,29980,201705030300,39.0,,,3.888888888888889
8822,29980,201705030400,42.0,,,5.555555555555555
8823,29980,201705030500,44.0,,,6.666666666666666
8824,29980,201705030600,47.0,53.0,38.0,8.333333333333334
8825,29980,201705030700,50.0,,,10.0
8826,29980,201705030800,50.0,,,10.0
8827,29980,201705030900,53.0,,,11.666666666666666
8828,29980,201705031000,54.0,,,12.222222222222221
8829,29980,201705031100,56.0,,,13.333333333333332
8830,29980,201705031200,56.0,,,13.333333333333332
8831,29980,201705031300,56.0,,,13.333333333333332
8832,29980,201705031400,55.0,,,12.777777777777777
8833,29980,201705031500,54.0,,,12.222222222222221
8834,29980,201705031600,54.0,,,12.222222222222221
8835,29980,201705031700,53.0,,,11.666666666666666
8836,29980,201705031800,51.0,57.0,47.0,10.555555555555555
8837,29980,201705031900,49.0,,,9.444444444444445
8838,29980,201705032000,48.0,,,8.88888888888889
8839,29980,201705032100,46.0,,,7.777777777777778
8840,29980,201705032200,45.0,,,7.222222222222222
8841,29980,201705032300,43.0,,,6.111111111111111
8842,29980,201705040000,41.0,,,5.0
8843,29980,201705040100,40.0,,,4.444444444444445
8844,29980,201705040200,38.0,,,3.333333333333333
8845,29980,201705040300,38.0,,,3.333333333333333
8846,29980,201705040400,40.0,,,4.444444444444445
8847,29980,201705040500,43.0,,,6.111111111111111
8848,29980,201705040600,45.0,51.0,37.0,7.222222222222222
8849,29980,201705040700,47.0,,,8.333333333333334
8850,29980,201705040800,48.0,,,8.88888888888889
8851,29980,201705040900,49.0,,,9.444444444444445
8852,29980,201705041000,51.0,,,10.555555555555555
8853,29980,201705041100,49.0,,,9.444444444444445
8854,29980,201705041200,49.0,,,9.444444444444445
8855,29980,201705041300,51.0,,,10.555555555555555
8856,29980,201705041400,48.0,,,8.88888888888889
8857,29980,201705041500,48.0,,,8.88888888888889
8858,29980,201705041600,47.0,,,8.333333333333334
8859,29980,201705041700,46.0,,,7.777777777777778
8860,29980,201705041800,44.0,52.0,44.0,6.666666666666666
8861,29980,201705041900,42.0,,,5.555555555555555
8862,29980,201705042000,40.0,,,4.444444444444445
8863,29980,201705042100,39.0,,,3.888888888888889
8864,29980,201705042200,40.0,,,4.444444444444445
8865,29980,201705042300,38.0,,,3.333333333333333
8866,29980,201705050000,37.0,,,2.7777777777777777
8867,29980,201705050100,37.0,,,2.7777777777777777
8868,29980,201705050200,36.0,,,2.2222222222222223
8869,29980,201705050300,35.0,,,1.6666666666666665
8870,29980,201705050400,38.0,,,3.333333333333333
8871,29980,201705050500,41.0,,,5.0
8872,29980,201705050600,45.0,45.0,35.0,7.222222222222222
8873,29980,201705050700,49.0,,,9.444444444444445
8874,29980,201705050800,52.0,,,11.11111111111111
8875,29980,201705050900,55.0,,,12.777777777777777
8876,29980,201705051000,58.0,,,14.444444444444445
8877,29980,201705051100,58.0,,,14.444444444444445
8878,29980,201705051200,59.0,,,15.0
8879,29980,201705051300,57.0,,,13.88888888888889
8880,29980,201705051400,59.0,,,15.0
8881,29980,201705051500,58.0,,,14.444444444444445
8882,29980,201705051600,59.0,,,15.0
8883,29980,201705051700,62.0,,,16.666666666666668
8884,29980,201705051800,58.0,64.0,45.0,14.444444444444445
8885,29980,201705051900,55.0,,,12.777777777777777
8886,29980,201705052000,54.0,,,12.222222222222221
8887,29980,201705052100,53.0,,,11.666666666666666
8888,29980,201705052200,50.0,,,10.0
8889,29980,201705052300,49.0,,,9.444444444444445
8890,29980,201705060000,47.0,,,8.333333333333334
8891,29980,201705060100,46.0,,,7.777777777777778
8892,29980,201705060200,45.0,,,7.222222222222222
8893,29980,201705060300,45.0,,,7.222222222222222
8894,29980,201705060400,48.0,,,8.88888888888889
8895,29980,201705060500,51.0,,,10.555555555555555
8896,29980,201705060600,54.0,59.0,44.0,12.222222222222221
8897,29980,201705060700,56.0,,,13.333333333333332
8898,29980,201705060800,57.0,,,13.88888888888889
8899,29980,201705060900,58.0,,,14.444444444444445
8900,29980,201705061000,59.0,,,15.0
8901,29980,201705061100,59.0,,,15.0
8902,29980,201705061200,58.0,,,14.444444444444445
8903,29980,201705061300,58.0,,,14.444444444444445
8904,29980,201705061400,58.0,,,14.444444444444445
8905,29980,201705061500,57.0,,,13.88888888888889
8906,29980,201705061600,56.0,,,13.333333333333332
8907,29980,201705061700,55.0,,,12.777777777777777
8908,29980,201705061800,52.0,59.0,52.0,11.11111111111111
8909,29980,201705061900,49.0,,,9.444444444444445
8910,29980,201705062000,47.0,,,8.333333333333334
8911,29980,201705062100,45.0,,,7.222222222222222
8912,29980,201705062200,44.0,,,6.666666666666666
8913,29980,201705062300,43.0,,,6.111111111111111
8914,29980,201705070000,41.0,,,5.0
8915,29980,201705070100,40.0,,,4.444444444444445
8916,29980,201705070200,38.0,,,3.333333333333333
8917,29980,201705070300,36.0,,,2.2222222222222223
8918,29980,201705070400,38.0,,,3.333333333333333
8919,29980,201705070500,41.0,,,5.0
8920,29980,201705070600,43.0,52.0,36.0,6.111111111111111
8921,29980,201705070700,46.0,,,7.777777777777778
8922,29980,201705070800,46.0,,,7.777777777777778
8923,29980,201705070900,46.0,,,7.777777777777778
8924,29980,201705071000,46.0,,,7.777777777777778
8925,29980,201705071100,47.0,,,8.333333333333334
8926,29980,201705071200,48.0,,,8.88888888888889
8927,29980,201705071300,46.0,,,7.777777777777778
8928,29980,201705071400,44.0,,,6.666666666666666
8929,29980,201705071500,46.0,,,7.777777777777778
8930,29980,201705071600,44.0,,,6.666666666666666
8931,29980,201705071700,42.0,,,5.555555555555555
8932,29980,201705071800,42.0,50.0,42.0,5.555555555555555
8933,29980,201705071900,41.0,,,5.0
8934,29980,201705072000,40.0,,,4.444444444444445
8935,29980,201705072100,41.0,,,5.0
8936,29980,201705072200,40.0,,,4.444444444444445
8937,29980,201705072300,39.0,,,3.888888888888889
8938,29980,201705080000,39.0,,,3.888888888888889
8939,29980,201705080100,39.0,,,3.888888888888889
8940,29980,201705080200,39.0,,,3.888888888888889
8941,29980,201705080300,39.0,,,3.888888888888889
8942,29980,201705080400,38.0,,,3.333333333333333
8943,29980,201705080500,40.0,,,4.444444444444445
8944,29980,201705080600,41.0,42.0,38.0,5.0
8945,29980,201705080700,43.0,,,6.111111111111111
8946,29980,201705080800,42.0,,,5.555555555555555
8947,29980,201705080900,42.0,,,5.555555555555555
8948,29980,201705081000,44.0,,,6.666666666666666
8949,29980,201705081100,44.0,,,6.666666666666666
8950,29980,201705081200,45.0,,,7.222222222222222
8951,29980,201705081300,42.0,,,5.555555555555555
8952,29980,201705081400,41.0,,,5.0
8953,29980,201705081500,40.0,,,4.444444444444445
8954,29980,201705081600,40.0,,,4.444444444444445
8955,29980,201705081700,37.0,,,2.7777777777777777
8956,29980,201705081800,38.0,47.0,37.0,3.333333333333333
8957,29980,201705081900,37.0,,,2.7777777777777777
8958,29980,201705082000,36.0,,,2.2222222222222223
8959,29980,201705082100,35.0,,,1.6666666666666665
8960,29980,201705082200,35.0,,,1.6666666666666665
8961,29980,201705082300,34.0,,,1.1111111111111112
8962,29980,201705090000,33.0,,,0.5555555555555556
8963,29980,201705090100,33.0,,,0.5555555555555556
8964,29980,201705090200,33.0,,,0.5555555555555556
8965,29980,201705090300,33.0,,,0.5555555555555556
8966,29980,201705090400,35.0,,,1.6666666666666665
8967,29980,201705090500,36.0,,,2.2222222222222223
8968,29980,201705090600,37.0,38.0,33.0,2.7777777777777777
8969,29980,201705090700,35.0,,,1.6666666666666665
8970,29980,201705090800,36.0,,,2.2222222222222223
8971,29980,201705090900,37.0,,,2.7777777777777777
8972,29980,201705091000,38.0,,,3.333333333333333
8973,29980,201705091100,39.0,,,3.888888888888889
8974,29980,201705091200,36.0,,,2.2222222222222223
8975,29980,201705091300,39.0,,,3.888888888888889
8976,29980,201705091400,37.0,,,2.7777777777777777
8977,29980,201705091500,37.0,,,2.7777777777777777
8978,29980,201705091600,35.0,,,1.6666666666666665
8979,29980,201705091700,36.0,,,2.2222222222222223
8980,29980,201705091800,36.0,41.0,34.0,2.2222222222222223
8981,29980,201705091900,33.0,,,0.5555555555555556
8982,29980,201705092000,32.0,,,0.0
8983,29980,201705092100,30.0,,,-1.1111111111111112
8984,29980,201705092200,30.0,,,-1.1111111111111112
8985,29980,201705092300,29.0,,,-1.6666666666666665
8986,29980,201705100000,29.0,,,-1.6666666666666665
8987,29980,201705100100,29.0,,,-1.6666666666666665
8988,29980,201705100200,29.0,,,-1.6666666666666665
8989,29980,201705100300,30.0,,,-1.1111111111111112
8990,29980,201705100400,32.0,,,0.0
8991,29980,201705100500,35.0,,,1.6666666666666665
8992,29980,201705100600,39.0,39.0,28.0,3.888888888888889
8993,29980,201705100700,40.0,,,4.444444444444445
8994,29980,201705100800,40.0,,,4.444444444444445
8995,29980,201705100900,36.0,,,2.2222222222222223
8996,29980,201705101000,35.0,,,1.6666666666666665
8997,29980,201705101100,38.0,,,3.333333333333333
8998,29980,201705101200,38.0,,,3.333333333333333
8999,29980,201705101300,39.0,,,3.888888888888889
9000,29980,201705101400,37.0,,,2.7777777777777777
9001,29980,201705101500,39.0,,,3.888888888888889
9002,29980,201705101600,38.0,,,3.333333333333333
9003,29980,201705101700,37.0,,,2.7777777777777777
9004,29980,201705101800,36.0,42.0,33.0,2.2222222222222223
9005,29980,201705101900,35.0,,,1.6666666666666665
9006,29980,201705102000,33.0,,,0.5555555555555556
9007,29980,201705102100,32.0,,,0.0
9008,29980,201705102200,30.0,,,-1.1111111111111112
9009,29980,201705102300,31.0,,,-0.5555555555555556
9010,29980,201705110000,29.0,,,-1.6666666666666665
9011,29980,201705110100,30.0,,,-1.1111111111111112
9012,29980,201705110200,29.0,,,-1.6666666666666665
9013,29980,201705110300,28.0,,,-2.2222222222222223
9014,29980,201705110400,29.0,,,-1.6666666666666665
9015,29980,201705110500,34.0,,,1.1111111111111112
9016,29980,201705110600,38.0,38.0,28.0,3.333333333333333
9017,29980,201705110700,42.0,,,5.555555555555555
9018,29980,201705110800,41.0,,,5.0
9019,29980,201705110900,42.0,,,5.555555555555555
9020,29980,201705111000,41.0,,,5.0
9021,29980,201705111100,44.0,,,6.666666666666666
9022,29980,201705111200,46.0,,,7.777777777777778
9023,29980,201705111300,41.0,,,5.0
9024,29980,201705111400,40.0,,,4.444444444444445
9025,29980,201705111500,40.0,,,4.444444444444445
9026,29980,201705111600,43.0,,,6.111111111111111
9027,29980,201705111700,41.0,,,5.0
9028,29980,201705111800,40.0,46.0,38.0,4.444444444444445
9029,29980,201705111900,38.0,,,3.333333333333333
9030,29980,201705112000,36.0,,,2.2222222222222223
9031,29980,201705112100,33.0,,,0.5555555555555556
9032,29980,201705112200,32.0,,,0.0
9033,29980,201705112300,31.0,,,-0.5555555555555556
9034,29980,201705120000,30.0,,,-1.1111111111111112
9035,29980,201705120100,29.0,,,-1.6666666666666665
9036,29980,201705120200,29.0,,,-1.6666666666666665
9037,29980,201705120300,31.0,,,-0.5555555555555556
9038,29980,201705120400,34.0,,,1.1111111111111112
9039,29980,201705120500,38.0,,,3.333333333333333
9040,29980,201705120600,40.0,41.0,29.0,4.444444444444445
9041,29980,201705120700,43.0,,,6.111111111111111
9042,29980,201705120800,45.0,,,7.222222222222222
9043,29980,201705120900,46.0,,,7.777777777777778
9044,29980,201705121000,46.0,,,7.777777777777778
9045,29980,201705121100,47.0,,,8.333333333333334
9046,29980,201705121200,49.0,,,9.444444444444445
9047,29980,201705121300,51.0,,,10.555555555555555
9048,29980,201705121400,50.0,,,10.0
9049,29980,201705121500,47.0,,,8.333333333333334
9050,29980,201705121600,48.0,,,8.88888888888889
9051,29980,201705121700,49.0,,,9.444444444444445
9052,29980,201705121800,47.0,52.0,40.0,8.333333333333334
9053,29980,201705121900,44.0,,,6.666666666666666
9054,29980,201705122000,40.0,,,4.444444444444445
9055,29980,201705122100,39.0,,,3.888888888888889
9056,29980,201705122200,38.0,,,3.333333333333333
9057,29980,201705122300,38.0,,,3.333333333333333
9058,29980,201705130000,36.0,,,2.2222222222222223
9059,29980,201705130100,34.0,,,1.1111111111111112
9060,29980,201705130200,33.0,,,0.5555555555555556
9061,29980,201705130300,36.0,,,2.2222222222222223
9062,29980,201705130400,41.0,,,5.0
9063,29980,201705130500,44.0,,,6.666666666666666
9064,29980,201705130600,47.0,47.0,33.0,8.333333333333334
9065,29980,201705130700,49.0,,,9.444444444444445
9066,29980,201705130800,51.0,,,10.555555555555555
9067,29980,201705130900,52.0,,,11.11111111111111
9068,29980,201705131000,52.0,,,11.11111111111111
9069,29980,201705131100,54.0,,,12.222222222222221
9070,29980,201705131200,54.0,,,12.222222222222221
9071,29980,201705131300,53.0,,,11.666666666666666
9072,29980,201705131400,55.0,,,12.777777777777777
9073,29980,201705131500,55.0,,,12.777777777777777
9074,29980,201705131600,54.0,,,12.222222222222221
9075,29980,201705131700,47.0,,,8.333333333333334
9076,29980,201705131800,45.0,56.0,44.0,7.222222222222222
9077,29980,201705131900,44.0,,,6.666666666666666
9078,29980,201705132000,43.0,,,6.111111111111111
9079,29980,201705132100,42.0,,,5.555555555555555
9080,29980,201705132200,38.0,,,3.333333333333333
9081,29980,201705132300,38.0,,,3.333333333333333
9082,29980,201705140000,38.0,,,3.333333333333333
9083,29980,201705140100,41.0,,,5.0
9084,29980,201705140200,42.0,,,5.555555555555555
9085,29980,201705140300,44.0,,,6.666666666666666
9086,29980,201705140400,46.0,,,7.777777777777778
9087,29980,201705140500,48.0,,,8.88888888888889
9088,29980,201705140600,49.0,49.0,36.0,9.444444444444445
9089,29980,201705140700,50.0,,,10.0
9090,29980,201705140800,51.0,,,10.555555555555555
9091,29980,201705140900,52.0,,,11.11111111111111
9092,29980,201705141000,54.0,,,12.222222222222221
9093,29980,201705141100,53.0,,,11.666666666666666
9094,29980,201705141200,55.0,,,12.777777777777777
9095,29980,201705141300,57.0,,,13.88888888888889
9096,29980,201705141400,57.0,,,13.88888888888889
9097,29980,201705141500,55.0,,,12.777777777777777
9098,29980,201705141600,53.0,,,11.666666666666666
9099,29980,201705141700,51.0,,,10.555555555555555
9100,29980,201705141800,52.0,58.0,49.0,11.11111111111111
9101,29980,201705141900,51.0,,,10.555555555555555
9102,29980,201705142000,51.0,,,10.555555555555555
9103,29980,201705142100,51.0,,,10.555555555555555
9104,29980,201705142200,50.0,,,10.0
9105,29980,201705142300,49.0,,,9.444444444444445
9106,29980,201705150000,48.0,,,8.88888888888889
9107,29980,201705150100,47.0,,,8.333333333333334
9108,29980,201705150200,47.0,,,8.333333333333334
9109,29980,201705150300,47.0,,,8.333333333333334
9110,29980,201705150400,48.0,,,8.88888888888889
9111,29980,201705150500,48.0,,,8.88888888888889
9112,29980,201705150600,48.0,52.0,47.0,8.88888888888889
9113,29980,201705150700,48.0,,,8.88888888888889
9114,29980,201705150800,48.0,,,8.88888888888889
9115,29980,201705150900,48.0,,,8.88888888888889
9116,29980,201705151000,49.0,,,9.444444444444445
9117,29980,201705151100,51.0,,,10.555555555555555
9118,29980,201705151200,56.0,,,13.333333333333332
9119,29980,201705151300,57.0,,,13.88888888888889
9120,29980,201705151400,56.0,,,13.333333333333332
9121,29980,201705151500,56.0,,,13.333333333333332
9122,29980,201705151600,54.0,,,12.222222222222221
9123,29980,201705151700,50.0,,,10.0
9124,29980,201705151800,46.0,59.0,46.0,7.777777777777778
9125,29980,201705151900,42.0,,,5.555555555555555
9126,29980,201705152000,39.0,,,3.888888888888889
9127,29980,201705152100,37.0,,,2.7777777777777777
9128,29980,201705152200,37.0,,,2.7777777777777777
9129,29980,201705152300,37.0,,,2.7777777777777777
9130,29980,201705160000,36.0,,,2.2222222222222223
9131,29980,201705160100,34.0,,,1.1111111111111112
9132,29980,201705160200,33.0,,,0.5555555555555556
9133,29980,201705160300,35.0,,,1.6666666666666665
9134,29980,201705160400,37.0,,,2.7777777777777777
9135,29980,201705160500,39.0,,,3.888888888888889
9136,29980,201705160600,41.0,46.0,32.0,5.0
9137,29980,201705160700,45.0,,,7.222222222222222
9138,29980,201705160800,48.0,,,8.88888888888889
9139,29980,201705160900,52.0,,,11.11111111111111
9140,29980,201705161000,52.0,,,11.11111111111111
9141,29980,201705161100,53.0,,,11.666666666666666
9142,29980,201705161200,51.0,,,10.555555555555555
9143,29980,201705161300,51.0,,,10.555555555555555
9144,29980,201705161400,52.0,,,11.11111111111111
9145,29980,201705161600,49.0,,,9.444444444444445
9146,29980,201705161700,50.0,,,10.0
9147,29980,201705161800,48.0,53.0,42.0,8.88888888888889
9148,29980,201705161900,46.0,,,7.777777777777778
9149,29980,201705162000,46.0,,,7.777777777777778
9150,29980,201705162100,45.0,,,7.222222222222222
9151,29980,201705162200,44.0,,,6.666666666666666
9152,29980,201705162300,44.0,,,6.666666666666666
9153,29980,201705170000,44.0,,,6.666666666666666
9154,29980,201705170100,44.0,,,6.666666666666666
9155,29980,201705170200,42.0,,,5.555555555555555
9156,29980,201705170300,44.0,,,6.666666666666666
9157,29980,201705170400,47.0,,,8.333333333333334
9158,29980,201705170500,47.0,,,8.333333333333334
9159,29980,201705170600,49.0,49.0,42.0,9.444444444444445
9160,29980,201705170700,49.0,,,9.444444444444445
9161,29980,201705170800,49.0,,,9.444444444444445
9162,29980,201705170900,51.0,,,10.555555555555555
9163,29980,201705171000,53.0,,,11.666666666666666
9164,29980,201705171100,55.0,,,12.777777777777777
9165,29980,201705171200,54.0,,,12.222222222222221
9166,29980,201705171300,54.0,,,12.222222222222221
9167,29980,201705171400,54.0,,,12.222222222222221
9168,29980,201705171500,52.0,,,11.11111111111111
9169,29980,201705171600,51.0,,,10.555555555555555
9170,29980,201705171700,51.0,,,10.555555555555555
9171,29980,201705171800,51.0,56.0,48.0,10.555555555555555
9172,29980,201705171900,50.0,,,10.0
9173,29980,201705172000,50.0,,,10.0
9174,29980,201705172100,48.0,,,8.88888888888889
9175,29980,201705172200,48.0,,,8.88888888888889
9176,29980,201705172300,48.0,,,8.88888888888889
9177,29980,201705180000,49.0,,,9.444444444444445
9178,29980,201705180100,48.0,,,8.88888888888889
9179,29980,201705180200,48.0,,,8.88888888888889
9180,29980,201705180300,49.0,,,9.444444444444445
9181,29980,201705180400,49.0,,,9.444444444444445
9182,29980,201705180500,49.0,,,9.444444444444445
9183,29980,201705180600,50.0,51.0,47.0,10.0
9184,29980,201705180700,51.0,,,10.555555555555555
9185,29980,201705180800,51.0,,,10.555555555555555
9186,29980,201705180900,54.0,,,12.222222222222221
9187,29980,201705181000,54.0,,,12.222222222222221
9188,29980,201705181100,53.0,,,11.666666666666666
9189,29980,201705181200,55.0,,,12.777777777777777
9190,29980,201705181300,55.0,,,12.777777777777777
9191,29980,201705181400,57.0,,,13.88888888888889
9192,29980,201705181500,57.0,,,13.88888888888889
9193,29980,201705181600,54.0,,,12.222222222222221
9194,29980,201705181700,54.0,,,12.222222222222221
9195,29980,201705181800,52.0,59.0,50.0,11.11111111111111
9196,29980,201705181900,50.0,,,10.0
9197,29980,201705182000,51.0,,,10.555555555555555
9198,29980,201705182100,51.0,,,10.555555555555555
9199,29980,201705182200,51.0,,,10.555555555555555
9200,29980,201705182300,50.0,,,10.0
9201,29980,201705190000,50.0,,,10.0
9202,29980,201705190100,49.0,,,9.444444444444445
9203,29980,201705190200,50.0,,,10.0
9204,29980,201705190300,52.0,,,11.11111111111111
9205,29980,201705190400,52.0,,,11.11111111111111
9206,29980,201705190500,55.0,,,12.777777777777777
9207,29980,201705190600,56.0,56.0,49.0,13.333333333333332
9208,29980,201705190700,59.0,,,15.0
9209,29980,201705190800,61.0,,,16.11111111111111
9210,29980,201705190900,65.0,,,18.333333333333332
9211,29980,201705191000,67.0,,,19.444444444444443
9212,29980,201705191100,68.0,,,20.0
9213,29980,201705191200,71.0,,,21.666666666666668
9214,29980,201705191300,73.0,,,22.77777777777778
9215,29980,201705191400,73.0,,,22.77777777777778
9216,29980,201705191500,71.0,,,21.666666666666668
9217,29980,201705191600,70.0,,,21.11111111111111
9218,29980,201705191700,66.0,,,18.88888888888889
9219,29980,201705191800,63.0,73.0,56.0,17.22222222222222
9220,29980,201705191900,61.0,,,16.11111111111111
9221,29980,201705192000,63.0,,,17.22222222222222
9222,29980,201705192100,61.0,,,16.11111111111111
9223,29980,201705192200,61.0,,,16.11111111111111
9224,29980,201705192300,61.0,,,16.11111111111111
9225,29980,201705200000,60.0,,,15.555555555555555
9226,29980,201705200100,61.0,,,16.11111111111111
9227,29980,201705200200,60.0,,,15.555555555555555
9228,29980,201705200300,59.0,,,15.0
9229,29980,201705200400,61.0,,,16.11111111111111
9230,29980,201705200500,62.0,,,16.666666666666668
9231,29980,201705200600,64.0,64.0,59.0,17.77777777777778
9232,29980,201705200700,66.0,,,18.88888888888889
9233,29980,201705200800,66.0,,,18.88888888888889
9234,29980,201705200900,69.0,,,20.555555555555554
9235,29980,201705201000,71.0,,,21.666666666666668
9236,29980,201705201100,68.0,,,20.0
9237,29980,201705201200,67.0,,,19.444444444444443
9238,29980,201705201300,66.0,,,18.88888888888889
9239,29980,201705201400,64.0,,,17.77777777777778
9240,29980,201705201500,64.0,,,17.77777777777778
9241,29980,201705201600,62.0,,,16.666666666666668
9242,29980,201705201700,62.0,,,16.666666666666668
9243,29980,201705201800,61.0,71.0,61.0,16.11111111111111
9244,29980,201705201900,59.0,,,15.0
9245,29980,201705202000,58.0,,,14.444444444444445
9246,29980,201705202100,56.0,,,13.333333333333332
9247,29980,201705202200,55.0,,,12.777777777777777
9248,29980,201705202300,55.0,,,12.777777777777777
9249,29980,201705210000,54.0,,,12.222222222222221
9250,29980,201705210100,51.0,,,10.555555555555555
9251,29980,201705210200,51.0,,,10.555555555555555
9252,29980,201705210300,52.0,,,11.11111111111111
9253,29980,201705210400,55.0,,,12.777777777777777
9254,29980,201705210500,58.0,,,14.444444444444445
9255,29980,201705210600,59.0,61.0,49.0,15.0
9256,29980,201705210700,60.0,,,15.555555555555555
9257,29980,201705210800,61.0,,,16.11111111111111
9258,29980,201705210900,62.0,,,16.666666666666668
9259,29980,201705211000,64.0,,,17.77777777777778
9260,29980,201705211100,65.0,,,18.333333333333332
9261,29980,201705211200,65.0,,,18.333333333333332
9262,29980,201705211300,64.0,,,17.77777777777778
9263,29980,201705211400,63.0,,,17.22222222222222
9264,29980,201705211500,62.0,,,16.666666666666668
9265,29980,201705211600,61.0,,,16.11111111111111
9266,29980,201705211700,61.0,,,16.11111111111111
9267,29980,201705211800,60.0,65.0,58.0,15.555555555555555
9268,29980,201705211900,59.0,,,15.0
9269,29980,201705212000,58.0,,,14.444444444444445
9270,29980,201705212100,55.0,,,12.777777777777777
9271,29980,201705212200,54.0,,,12.222222222222221
9272,29980,201705212300,53.0,,,11.666666666666666
9273,29980,201705220000,51.0,,,10.555555555555555
9274,29980,201705220100,50.0,,,10.0
9275,29980,201705220200,49.0,,,9.444444444444445
9276,29980,201705220300,52.0,,,11.11111111111111
9277,29980,201705220400,55.0,,,12.777777777777777
9278,29980,201705220500,54.0,,,12.222222222222221
9279,29980,201705220600,54.0,60.0,48.0,12.222222222222221
9280,29980,201705220700,56.0,,,13.333333333333332
9281,29980,201705220800,60.0,,,15.555555555555555
9282,29980,201705220900,63.0,,,17.22222222222222
9283,29980,201705221000,66.0,,,18.88888888888889
9284,29980,201705221100,66.0,,,18.88888888888889
9285,29980,201705221200,65.0,,,18.333333333333332
9286,29980,201705221300,65.0,,,18.333333333333332
9287,29980,201705221400,64.0,,,17.77777777777778
9288,29980,201705221500,62.0,,,16.666666666666668
9289,29980,201705221600,65.0,,,18.333333333333332
9290,29980,201705221700,64.0,,,17.77777777777778
9291,29980,201705221800,63.0,68.0,54.0,17.22222222222222
9292,29980,201705221900,60.0,,,15.555555555555555
9293,29980,201705222000,58.0,,,14.444444444444445
9294,29980,201705222100,56.0,,,13.333333333333332
9295,29980,201705222200,54.0,,,12.222222222222221
9296,29980,201705222300,52.0,,,11.11111111111111
9297,29980,201705230000,50.0,,,10.0
9298,29980,201705230100,48.0,,,8.88888888888889
9299,29980,201705230200,47.0,,,8.333333333333334
9300,29980,201705230300,48.0,,,8.88888888888889
9301,29980,201705230400,52.0,,,11.11111111111111
9302,29980,201705230500,56.0,,,13.333333333333332
9303,29980,201705230600,59.0,63.0,47.0,15.0
9304,29980,201705230700,59.0,,,15.0
9305,29980,201705230800,58.0,,,14.444444444444445
9306,29980,201705230900,59.0,,,15.0
9307,29980,201705231000,60.0,,,15.555555555555555
9308,29980,201705231100,60.0,,,15.555555555555555
9309,29980,201705231200,62.0,,,16.666666666666668
9310,29980,201705231300,65.0,,,18.333333333333332
9311,29980,201705231400,64.0,,,17.77777777777778
9312,29980,201705231500,60.0,,,15.555555555555555
9313,29980,201705231600,57.0,,,13.88888888888889
9314,29980,201705231700,57.0,,,13.88888888888889
9315,29980,201705231800,55.0,66.0,55.0,12.777777777777777
9316,29980,201705231900,55.0,,,12.777777777777777
9317,29980,201705232000,54.0,,,12.222222222222221
9318,29980,201705232100,53.0,,,11.666666666666666
9319,29980,201705232200,54.0,,,12.222222222222221
9320,29980,201705232300,53.0,,,11.666666666666666
9321,29980,201705240000,51.0,,,10.555555555555555
9322,29980,201705240100,49.0,,,9.444444444444445
9323,29980,201705240200,49.0,,,9.444444444444445
9324,29980,201705240300,51.0,,,10.555555555555555
9325,29980,201705240400,52.0,,,11.11111111111111
9326,29980,201705240500,54.0,,,12.222222222222221
9327,29980,201705240600,58.0,58.0,49.0,14.444444444444445
9328,29980,201705240700,55.0,,,12.777777777777777
9329,29980,201705240800,56.0,,,13.333333333333332
9330,29980,201705240900,54.0,,,12.222222222222221
9331,29980,201705241000,58.0,,,14.444444444444445
9332,29980,201705241100,62.0,,,16.666666666666668
9333,29980,201705241200,60.0,,,15.555555555555555
9334,29980,201705241300,61.0,,,16.11111111111111
9335,29980,201705241400,61.0,,,16.11111111111111
9336,29980,201705241500,57.0,,,13.88888888888889
9337,29980,201705241600,56.0,,,13.333333333333332
9338,29980,201705241700,55.0,,,12.777777777777777
9339,29980,201705241800,55.0,62.0,52.0,12.777777777777777
9340,29980,201705241900,51.0,,,10.555555555555555
9341,29980,201705242000,50.0,,,10.0
9342,29980,201705242100,49.0,,,9.444444444444445
9343,29980,201705242200,49.0,,,9.444444444444445
9344,29980,201705242300,48.0,,,8.88888888888889
9345,29980,201705250000,48.0,,,8.88888888888889
9346,29980,201705250100,48.0,,,8.88888888888889
9347,29980,201705250200,48.0,,,8.88888888888889
9348,29980,201705250300,49.0,,,9.444444444444445
9349,29980,201705250400,52.0,,,11.11111111111111
9350,29980,201705250500,58.0,,,14.444444444444445
9351,29980,201705250600,55.0,58.0,48.0,12.777777777777777
9352,29980,201705250700,61.0,,,16.11111111111111
9353,29980,201705250800,62.0,,,16.666666666666668
9354,29980,201705250900,62.0,,,16.666666666666668
9355,29980,201705251000,59.0,,,15.0
9356,29980,201705251100,65.0,,,18.333333333333332
9357,29980,201705251200,68.0,,,20.0
9358,29980,201705251300,64.0,,,17.77777777777778
9359,29980,201705251400,66.0,,,18.88888888888889
9360,29980,201705251500,65.0,,,18.333333333333332
9361,29980,201705251600,63.0,,,17.22222222222222
9362,29980,201705251700,60.0,,,15.555555555555555
9363,29980,201705251800,57.0,69.0,54.0,13.88888888888889
9364,29980,201705251900,55.0,,,12.777777777777777
9365,29980,201705252000,54.0,,,12.222222222222221
9366,29980,201705252100,53.0,,,11.666666666666666
9367,29980,201705252200,52.0,,,11.11111111111111
9368,29980,201705252300,50.0,,,10.0
9369,29980,201705260000,49.0,,,9.444444444444445
9370,29980,201705260100,47.0,,,8.333333333333334
9371,29980,201705260200,46.0,,,7.777777777777778
9372,29980,201705260300,47.0,,,8.333333333333334
9373,29980,201705260400,51.0,,,10.555555555555555
9374,29980,201705260500,55.0,,,12.777777777777777
9375,29980,201705260600,58.0,58.0,46.0,14.444444444444445
9376,29980,201705260700,61.0,,,16.11111111111111
9377,29980,201705260800,62.0,,,16.666666666666668
9378,29980,201705260900,64.0,,,17.77777777777778
9379,29980,201705261000,57.0,,,13.88888888888889
9380,29980,201705261100,61.0,,,16.11111111111111
9381,29980,201705261200,60.0,,,15.555555555555555
9382,29980,201705261300,59.0,,,15.0
9383,29980,201705261400,60.0,,,15.555555555555555
9384,29980,201705261500,63.0,,,17.22222222222222
9385,29980,201705261600,64.0,,,17.77777777777778
9386,29980,201705261700,64.0,,,17.77777777777778
9387,29980,201705261800,62.0,68.0,55.0,16.666666666666668
9388,29980,201705261900,59.0,,,15.0
9389,29980,201705262000,56.0,,,13.333333333333332
9390,29980,201705262100,55.0,,,12.777777777777777
9391,29980,201705262200,53.0,,,11.666666666666666
9392,29980,201705262300,50.0,,,10.0
9393,29980,201705270000,47.0,,,8.333333333333334
9394,29980,201705270100,45.0,,,7.222222222222222
9395,29980,201705270200,44.0,,,6.666666666666666
9396,29980,201705270300,46.0,,,7.777777777777778
9397,29980,201705270400,47.0,,,8.333333333333334
9398,29980,201705270500,50.0,,,10.0
9399,29980,201705270600,50.0,62.0,44.0,10.0
9400,29980,201705270700,51.0,,,10.555555555555555
9401,29980,201705270800,54.0,,,12.222222222222221
9402,29980,201705270900,53.0,,,11.666666666666666
9403,29980,201705271000,51.0,,,10.555555555555555
9404,29980,201705271100,51.0,,,10.555555555555555
9405,29980,201705271200,51.0,,,10.555555555555555
9406,29980,201705271300,50.0,,,10.0
9407,29980,201705271400,49.0,,,9.444444444444445
9408,29980,201705271500,49.0,,,9.444444444444445
9409,29980,201705271600,49.0,,,9.444444444444445
9410,29980,201705271700,49.0,,,9.444444444444445
9411,29980,201705271800,49.0,54.0,48.0,9.444444444444445
9412,29980,201705271900,49.0,,,9.444444444444445
9413,29980,201705272000,48.0,,,8.88888888888889
9414,29980,201705272100,49.0,,,9.444444444444445
9415,29980,201705272200,49.0,,,9.444444444444445
9416,29980,201705272300,49.0,,,9.444444444444445
9417,29980,201705280000,49.0,,,9.444444444444445
9418,29980,201705280100,47.0,,,8.333333333333334
9419,29980,201705280200,47.0,,,8.333333333333334
9420,29980,201705280300,49.0,,,9.444444444444445
9421,29980,201705280400,48.0,,,8.88888888888889
9422,29980,201705280500,49.0,,,9.444444444444445
9423,29980,201705280600,50.0,50.0,46.0,10.0
9424,29980,201705280700,54.0,,,12.222222222222221
9425,29980,201705280800,56.0,,,13.333333333333332
9426,29980,201705280900,58.0,,,14.444444444444445
9427,29980,201705281000,58.0,,,14.444444444444445
9428,29980,201705281100,61.0,,,16.11111111111111
9429,29980,201705281200,63.0,,,17.22222222222222
9430,29980,201705281300,64.0,,,17.77777777777778
9431,29980,201705281400,60.0,,,15.555555555555555
9432,29980,201705281500,63.0,,,17.22222222222222
9433,29980,201705281600,61.0,,,16.11111111111111
9434,29980,201705281700,60.0,,,15.555555555555555
9435,29980,201705281800,58.0,64.0,50.0,14.444444444444445
9436,29980,201705281900,55.0,,,12.777777777777777
9437,29980,201705282000,55.0,,,12.777777777777777
9438,29980,201705282100,55.0,,,12.777777777777777
9439,29980,201705282200,56.0,,,13.333333333333332
9440,29980,201705282300,55.0,,,12.777777777777777
9441,29980,201705290000,55.0,,,12.777777777777777
9442,29980,201705290100,55.0,,,12.777777777777777
9443,29980,201705290200,55.0,,,12.777777777777777
9444,29980,201705290300,56.0,,,13.333333333333332
9445,29980,201705290400,57.0,,,13.88888888888889
9446,29980,201705290500,59.0,,,15.0
9447,29980,201705290600,59.0,59.0,54.0,15.0
9448,29980,201705290700,64.0,,,17.77777777777778
9449,29980,201705290800,64.0,,,17.77777777777778
9450,29980,201705291100,63.0,,,17.22222222222222
9451,29980,201705291200,64.0,,,17.77777777777778
9452,29980,201705291300,63.0,,,17.22222222222222
9453,29980,201705291400,61.0,,,16.11111111111111
9454,29980,201705291500,60.0,,,15.555555555555555
9455,29980,201705291600,59.0,,,15.0
9456,29980,201705291700,57.0,,,13.88888888888889
9457,29980,201705291800,55.0,67.0,55.0,12.777777777777777
9458,29980,201705291900,53.0,,,11.666666666666666
9459,29980,201705292000,48.0,,,8.88888888888889
9460,29980,201705292100,45.0,,,7.222222222222222
9461,29980,201705292200,46.0,,,7.777777777777778
9462,29980,201705292300,43.0,,,6.111111111111111
9463,29980,201705300000,42.0,,,5.555555555555555
9464,29980,201705300100,40.0,,,4.444444444444445
9465,29980,201705300200,40.0,,,4.444444444444445
9466,29980,201705300300,44.0,,,6.666666666666666
9467,29980,201705300400,49.0,,,9.444444444444445
9468,29980,201705300500,51.0,,,10.555555555555555
9469,29980,201705300600,52.0,55.0,40.0,11.11111111111111
9470,29980,201705300700,55.0,,,12.777777777777777
9471,29980,201705300800,55.0,,,12.777777777777777
9472,29980,201705300900,54.0,,,12.222222222222221
9473,29980,201705301000,53.0,,,11.666666666666666
9474,29980,201705301100,54.0,,,12.222222222222221
9475,29980,201705301200,55.0,,,12.777777777777777
9476,29980,201705301300,53.0,,,11.666666666666666
9477,29980,201705301400,52.0,,,11.11111111111111
9478,29980,201705301500,51.0,,,10.555555555555555
9479,29980,201705301600,49.0,,,9.444444444444445
9480,29980,201705301700,49.0,,,9.444444444444445
9481,29980,201705301800,48.0,56.0,48.0,8.88888888888889
9482,29980,201705301900,48.0,,,8.88888888888889
9483,29980,201705302000,48.0,,,8.88888888888889
9484,29980,201705302100,48.0,,,8.88888888888889
9485,29980,201705302200,48.0,,,8.88888888888889
9486,29980,201705302300,49.0,,,9.444444444444445
9487,29980,201705310000,48.0,,,8.88888888888889
9488,29980,201705310100,48.0,,,8.88888888888889
9489,29980,201705310200,48.0,,,8.88888888888889
9490,29980,201705310300,48.0,,,8.88888888888889
9491,29980,201705310400,48.0,,,8.88888888888889
9492,29980,201705310500,48.0,,,8.88888888888889
9493,29980,201705310600,49.0,49.0,47.0,9.444444444444445
9494,29980,201705310700,50.0,,,10.0
9495,29980,201705310800,50.0,,,10.0
9496,29980,201705310900,51.0,,,10.555555555555555
9497,29980,201705311000,51.0,,,10.555555555555555
9498,29980,201705311100,54.0,,,12.222222222222221
9499,29980,201705311200,56.0,,,13.333333333333332
9500,29980,201705311300,58.0,,,14.444444444444445
9501,29980,201705311400,60.0,,,15.555555555555555
9502,29980,201705311500,58.0,,,14.444444444444445
9503,29980,201705311600,57.0,,,13.88888888888889
9504,29980,201705311700,55.0,,,12.777777777777777
9505,29980,201705311800,53.0,61.0,49.0,11.666666666666666
9506,29980,201705311900,51.0,,,10.555555555555555
9507,29980,201705312000,50.0,,,10.0
9508,29980,201705312100,47.0,,,8.333333333333334
9509,29980,201705312200,44.0,,,6.666666666666666
9510,29980,201705312300,43.0,,,6.111111111111111
9511,29980,201706010000,42.0,,,5.555555555555555
9512,29980,201706010100,40.0,,,4.444444444444445
9513,29980,201706010200,40.0,,,4.444444444444445
9514,29980,201706010300,41.0,,,5.0
9515,29980,201706010400,44.0,,,6.666666666666666
9516,29980,201706010500,46.0,,,7.777777777777778
9517,29980,201706010600,48.0,53.0,40.0,8.88888888888889
9518,29980,201706010700,50.0,,,10.0
9519,29980,201706010800,44.0,,,6.666666666666666
9520,29980,201706010900,42.0,,,5.555555555555555
9521,29980,201706011000,46.0,,,7.777777777777778
9522,29980,201706011100,47.0,,,8.333333333333334
9523,29980,201706011200,42.0,,,5.555555555555555
9524,29980,201706011300,47.0,,,8.333333333333334
9525,29980,201706011400,49.0,,,9.444444444444445
9526,29980,201706011500,48.0,,,8.88888888888889
9527,29980,201706011600,45.0,,,7.222222222222222
9528,29980,201706011700,42.0,,,5.555555555555555
9529,29980,201706011800,44.0,52.0,42.0,6.666666666666666
9530,29980,201706011900,43.0,,,6.111111111111111
9531,29980,201706012000,42.0,,,5.555555555555555
9532,29980,201706012100,40.0,,,4.444444444444445
9533,29980,201706012200,40.0,,,4.444444444444445
9534,29980,201706012300,39.0,,,3.888888888888889
9535,29980,201706020000,38.0,,,3.333333333333333
9536,29980,201706020100,37.0,,,2.7777777777777777
9537,29980,201706020200,37.0,,,2.7777777777777777
9538,29980,201706020300,39.0,,,3.888888888888889
9539,29980,201706020400,41.0,,,5.0
9540,29980,201706020500,43.0,,,6.111111111111111
9541,29980,201706020600,44.0,44.0,36.0,6.666666666666666
9542,29980,201706020700,44.0,,,6.666666666666666
9543,29980,201706020800,45.0,,,7.222222222222222
9544,29980,201706020900,45.0,,,7.222222222222222
9545,29980,201706021000,46.0,,,7.777777777777778
9546,29980,201706021100,47.0,,,8.333333333333334
9547,29980,201706021200,47.0,,,8.333333333333334
9548,29980,201706021300,47.0,,,8.333333333333334
9549,29980,201706021400,47.0,,,8.333333333333334
9550,29980,201706021500,45.0,,,7.222222222222222
9551,29980,201706021600,45.0,,,7.222222222222222
9552,29980,201706021700,47.0,,,8.333333333333334
9553,29980,201706021800,47.0,49.0,43.0,8.333333333333334
9554,29980,201706021900,44.0,,,6.666666666666666
9555,29980,201706022000,43.0,,,6.111111111111111
9556,29980,201706022100,40.0,,,4.444444444444445
9557,29980,201706022200,40.0,,,4.444444444444445
9558,29980,201706022300,40.0,,,4.444444444444445
9559,29980,201706030000,39.0,,,3.888888888888889
9560,29980,201706030100,40.0,,,4.444444444444445
9561,29980,201706030200,39.0,,,3.888888888888889
9562,29980,201706030300,40.0,,,4.444444444444445
9563,29980,201706030400,43.0,,,6.111111111111111
9564,29980,201706030500,46.0,,,7.777777777777778
9565,29980,201706030600,48.0,48.0,38.0,8.88888888888889
9566,29980,201706030700,49.0,,,9.444444444444445
9567,29980,201706030800,51.0,,,10.555555555555555
9568,29980,201706030900,53.0,,,11.666666666666666
9569,29980,201706031000,55.0,,,12.777777777777777
9570,29980,201706031100,55.0,,,12.777777777777777
9571,29980,201706031200,56.0,,,13.333333333333332
9572,29980,201706031300,59.0,,,15.0
9573,29980,201706031400,59.0,,,15.0
9574,29980,201706031500,59.0,,,15.0
9575,29980,201706031600,60.0,,,15.555555555555555
9576,29980,201706031700,59.0,,,15.0
9577,29980,201706031800,57.0,61.0,47.0,13.88888888888889
9578,29980,201706031900,52.0,,,11.11111111111111
9579,29980,201706032000,49.0,,,9.444444444444445
9580,29980,201706032100,48.0,,,8.88888888888889
9581,29980,201706032200,46.0,,,7.777777777777778
9582,29980,201706032300,45.0,,,7.222222222222222
9583,29980,201706040000,43.0,,,6.111111111111111
9584,29980,201706040100,43.0,,,6.111111111111111
9585,29980,201706040200,41.0,,,5.0
9586,29980,201706040300,43.0,,,6.111111111111111
9587,29980,201706040400,44.0,,,6.666666666666666
9588,29980,201706040500,46.0,,,7.777777777777778
9589,29980,201706040600,48.0,57.0,41.0,8.88888888888889
9590,29980,201706040700,50.0,,,10.0
9591,29980,201706040800,51.0,,,10.555555555555555
9592,29980,201706040900,52.0,,,11.11111111111111
9593,29980,201706041000,53.0,,,11.666666666666666
9594,29980,201706041100,54.0,,,12.222222222222221
9595,29980,201706041200,55.0,,,12.777777777777777
9596,29980,201706041300,56.0,,,13.333333333333332
9597,29980,201706041400,57.0,,,13.88888888888889
9598,29980,201706041500,59.0,,,15.0
9599,29980,201706041600,58.0,,,14.444444444444445
9600,29980,201706041700,52.0,,,11.11111111111111
9601,29980,201706041800,49.0,61.0,47.0,9.444444444444445
9602,29980,201706041900,49.0,,,9.444444444444445
9603,29980,201706042000,49.0,,,9.444444444444445
9604,29980,201706042100,49.0,,,9.444444444444445
9605,29980,201706042200,49.0,,,9.444444444444445
9606,29980,201706042300,50.0,,,10.0
9607,29980,201706050000,49.0,,,9.444444444444445
9608,29980,201706050100,50.0,,,10.0
9609,29980,201706050200,49.0,,,9.444444444444445
9610,29980,201706050300,51.0,,,10.555555555555555
9611,29980,201706050400,50.0,,,10.0
9612,29980,201706050500,51.0,,,10.555555555555555
9613,29980,201706050600,52.0,52.0,48.0,11.11111111111111
9614,29980,201706050700,51.0,,,10.555555555555555
9615,29980,201706050800,51.0,,,10.555555555555555
9616,29980,201706050900,51.0,,,10.555555555555555
9617,29980,201706051000,51.0,,,10.555555555555555
9618,29980,201706051100,54.0,,,12.222222222222221
9619,29980,201706051200,53.0,,,11.666666666666666
9620,29980,201706051300,52.0,,,11.11111111111111
9621,29980,201706051400,51.0,,,10.555555555555555
9622,29980,201706051500,50.0,,,10.0
9623,29980,201706051600,50.0,,,10.0
9624,29980,201706051700,49.0,,,9.444444444444445
9625,29980,201706051800,50.0,54.0,49.0,10.0
9626,29980,201706051900,50.0,,,10.0
9627,29980,201706052000,50.0,,,10.0
9628,29980,201706052100,50.0,,,10.0
9629,29980,201706052200,49.0,,,9.444444444444445
9630,29980,201706052300,48.0,,,8.88888888888889
9631,29980,201706060000,47.0,,,8.333333333333334
9632,29980,201706060100,47.0,,,8.333333333333334
9633,29980,201706060200,48.0,,,8.88888888888889
9634,29980,201706060300,49.0,,,9.444444444444445
9635,29980,201706060400,51.0,,,10.555555555555555
9636,29980,201706060500,54.0,,,12.222222222222221
9637,29980,201706060600,56.0,57.0,47.0,13.333333333333332
9638,29980,201706060700,59.0,,,15.0
9639,29980,201706060800,61.0,,,16.11111111111111
9640,29980,201706060900,62.0,,,16.666666666666668
9641,29980,201706061000,64.0,,,17.77777777777778
9642,29980,201706061100,65.0,,,18.333333333333332
9643,29980,201706061200,66.0,,,18.88888888888889
9644,29980,201706061300,67.0,,,19.444444444444443
9645,29980,201706061400,67.0,,,19.444444444444443
9646,29980,201706061500,67.0,,,19.444444444444443
9647,29980,201706061600,65.0,,,18.333333333333332
9648,29980,201706061700,64.0,,,17.77777777777778
9649,29980,201706061800,62.0,68.0,56.0,16.666666666666668
9650,29980,201706061900,60.0,,,15.555555555555555
9651,29980,201706062000,57.0,,,13.88888888888889
9652,29980,201706062100,55.0,,,12.777777777777777
9653,29980,201706062200,54.0,,,12.222222222222221
9654,29980,201706062300,51.0,,,10.555555555555555
9655,29980,201706070000,51.0,,,10.555555555555555
9656,29980,201706070100,49.0,,,9.444444444444445
9657,29980,201706070200,50.0,,,10.0
9658,29980,201706070300,54.0,,,12.222222222222221
9659,29980,201706070400,58.0,,,14.444444444444445
9660,29980,201706070500,60.0,,,15.555555555555555
9661,29980,201706070600,62.0,62.0,48.0,16.666666666666668
9662,29980,201706070700,63.0,,,17.22222222222222
9663,29980,201706070800,65.0,,,18.333333333333332
9664,29980,201706070900,65.0,,,18.333333333333332
9665,29980,201706071000,66.0,,,18.88888888888889
9666,29980,201706071100,67.0,,,19.444444444444443
9667,29980,201706071200,68.0,,,20.0
9668,29980,201706071300,69.0,,,20.555555555555554
9669,29980,201706071400,68.0,,,20.0
9670,29980,201706071500,68.0,,,20.0
9671,29980,201706071600,68.0,,,20.0
9672,29980,201706071700,66.0,,,18.88888888888889
9673,29980,201706071800,65.0,70.0,61.0,18.333333333333332
9674,29980,201706071900,64.0,,,17.77777777777778
9675,29980,201706072000,61.0,,,16.11111111111111
9676,29980,201706072100,60.0,,,15.555555555555555
9677,29980,201706072200,56.0,,,13.333333333333332
9678,29980,201706072300,57.0,,,13.88888888888889
9679,29980,201706080000,57.0,,,13.88888888888889
9680,29980,201706080100,56.0,,,13.333333333333332
9681,29980,201706080200,56.0,,,13.333333333333332
9682,29980,201706080300,56.0,,,13.333333333333332
9683,29980,201706080400,55.0,,,12.777777777777777
9684,29980,201706080500,55.0,,,12.777777777777777
9685,29980,201706080600,53.0,65.0,53.0,11.666666666666666
9686,29980,201706080700,52.0,,,11.11111111111111
9687,29980,201706080800,53.0,,,11.666666666666666
9688,29980,201706080900,55.0,,,12.777777777777777
9689,29980,201706081000,55.0,,,12.777777777777777
9690,29980,201706081100,55.0,,,12.777777777777777
9691,29980,201706081200,56.0,,,13.333333333333332
9692,29980,201706081300,57.0,,,13.88888888888889
9693,29980,201706081400,57.0,,,13.88888888888889
9694,29980,201706081500,53.0,,,11.666666666666666
9695,29980,201706081600,52.0,,,11.11111111111111
9696,29980,201706081700,53.0,,,11.666666666666666
9697,29980,201706081800,53.0,57.0,52.0,11.666666666666666
9698,29980,201706081900,52.0,,,11.11111111111111
9699,29980,201706082000,52.0,,,11.11111111111111
9700,29980,201706082100,52.0,,,11.11111111111111
9701,29980,201706082200,52.0,,,11.11111111111111
9702,29980,201706082300,52.0,,,11.11111111111111
9703,29980,201706090000,52.0,,,11.11111111111111
9704,29980,201706090100,52.0,,,11.11111111111111
9705,29980,201706090200,52.0,,,11.11111111111111
9706,29980,201706090300,52.0,,,11.11111111111111
9707,29980,201706090400,52.0,,,11.11111111111111
9708,29980,201706090500,53.0,,,11.666666666666666
9709,29980,201706090600,54.0,55.0,52.0,12.222222222222221
9710,29980,201706090700,55.0,,,12.777777777777777
9711,29980,201706090800,58.0,,,14.444444444444445
9712,29980,201706090900,59.0,,,15.0
9713,29980,201706091000,62.0,,,16.666666666666668
9714,29980,201706091100,62.0,,,16.666666666666668
9715,29980,201706091200,63.0,,,17.22222222222222
9716,29980,201706091300,64.0,,,17.77777777777778
9717,29980,201706091400,65.0,,,18.333333333333332
9718,29980,201706091500,65.0,,,18.333333333333332
9719,29980,201706091600,64.0,,,17.77777777777778
9720,29980,201706091700,61.0,,,16.11111111111111
9721,29980,201706091800,58.0,66.0,54.0,14.444444444444445
9722,29980,201706091900,57.0,,,13.88888888888889
9723,29980,201706092000,55.0,,,12.777777777777777
9724,29980,201706092100,54.0,,,12.222222222222221
9725,29980,201706092200,53.0,,,11.666666666666666
9726,29980,201706092300,52.0,,,11.11111111111111
9727,29980,201706100000,52.0,,,11.11111111111111
9728,29980,201706100100,51.0,,,10.555555555555555
9729,29980,201706100200,51.0,,,10.555555555555555
9730,29980,201706100300,53.0,,,11.666666666666666
9731,29980,201706100400,56.0,,,13.333333333333332
9732,29980,201706100500,61.0,,,16.11111111111111
9733,29980,201706100600,64.0,64.0,50.0,17.77777777777778
9734,29980,201706100700,66.0,,,18.88888888888889
9735,29980,201706100800,65.0,,,18.333333333333332
9736,29980,201706100900,67.0,,,19.444444444444443
9737,29980,201706101000,67.0,,,19.444444444444443
9738,29980,201706101100,68.0,,,20.0
9739,29980,201706101200,67.0,,,19.444444444444443
9740,29980,201706101300,64.0,,,17.77777777777778
9741,29980,201706101400,67.0,,,19.444444444444443
9742,29980,201706101500,67.0,,,19.444444444444443
9743,29980,201706101600,65.0,,,18.333333333333332
9744,29980,201706101700,64.0,,,17.77777777777778
9745,29980,201706101800,62.0,69.0,62.0,16.666666666666668
9746,29980,201706101900,62.0,,,16.666666666666668
9747,29980,201706102000,60.0,,,15.555555555555555
9748,29980,201706102100,59.0,,,15.0
9749,29980,201706102200,58.0,,,14.444444444444445
9750,29980,201706102300,57.0,,,13.88888888888889
9751,29980,201706110000,58.0,,,14.444444444444445
9752,29980,201706110100,57.0,,,13.88888888888889
9753,29980,201706110200,57.0,,,13.88888888888889
9754,29980,201706110300,57.0,,,13.88888888888889
9755,29980,201706110400,62.0,,,16.666666666666668
9756,29980,201706110500,64.0,,,17.77777777777778
9757,29980,201706110600,66.0,66.0,56.0,18.88888888888889
9758,29980,201706110700,67.0,,,19.444444444444443
9759,29980,201706110800,68.0,,,20.0
9760,29980,201706110900,71.0,,,21.666666666666668
9761,29980,201706111000,68.0,,,20.0
9762,29980,201706111100,68.0,,,20.0
9763,29980,201706111200,68.0,,,20.0
9764,29980,201706111300,67.0,,,19.444444444444443
9765,29980,201706111400,63.0,,,17.22222222222222
9766,29980,201706111500,60.0,,,15.555555555555555
9767,29980,201706111600,63.0,,,17.22222222222222
9768,29980,201706111700,62.0,,,16.666666666666668
9769,29980,201706111800,60.0,71.0,60.0,15.555555555555555
9770,29980,201706111900,61.0,,,16.11111111111111
9771,29980,201706112000,58.0,,,14.444444444444445
9772,29980,201706112100,57.0,,,13.88888888888889
9773,29980,201706112200,55.0,,,12.777777777777777
9774,29980,201706112300,55.0,,,12.777777777777777
9775,29980,201706120000,55.0,,,12.777777777777777
9776,29980,201706120100,55.0,,,12.777777777777777
9777,29980,201706120200,55.0,,,12.777777777777777
9778,29980,201706120300,55.0,,,12.777777777777777
9779,29980,201706120400,54.0,,,12.222222222222221
9780,29980,201706120500,54.0,,,12.222222222222221
9781,29980,201706120600,54.0,61.0,54.0,12.222222222222221
9782,29980,201706120700,54.0,,,12.222222222222221
9783,29980,201706120800,54.0,,,12.222222222222221
9784,29980,201706120900,54.0,,,12.222222222222221
9785,29980,201706121000,55.0,,,12.777777777777777
9786,29980,201706121100,55.0,,,12.777777777777777
9787,29980,201706121200,55.0,,,12.777777777777777
9788,29980,201706121300,55.0,,,12.777777777777777
9789,29980,201706121400,56.0,,,13.333333333333332
9790,29980,201706121500,55.0,,,12.777777777777777
9791,29980,201706121600,53.0,,,11.666666666666666
9792,29980,201706121700,54.0,,,12.222222222222221
9793,29980,201706121800,55.0,56.0,53.0,12.777777777777777
9794,29980,201706121900,56.0,,,13.333333333333332
9795,29980,201706122000,55.0,,,12.777777777777777
9796,29980,201706122100,55.0,,,12.777777777777777
9797,29980,201706122200,55.0,,,12.777777777777777
9798,29980,201706122300,53.0,,,11.666666666666666
9799,29980,201706130000,53.0,,,11.666666666666666
9800,29980,201706130100,53.0,,,11.666666666666666
9801,29980,201706130200,53.0,,,11.666666666666666
9802,29980,201706130300,54.0,,,12.222222222222221
9803,29980,201706130400,54.0,,,12.222222222222221
9804,29980,201706130500,55.0,,,12.777777777777777
9805,29980,201706130600,56.0,57.0,53.0,13.333333333333332
9806,29980,201706130700,57.0,,,13.88888888888889
9807,29980,201706130800,58.0,,,14.444444444444445
9808,29980,201706130900,61.0,,,16.11111111111111
9809,29980,201706131000,61.0,,,16.11111111111111
9810,29980,201706131100,64.0,,,17.77777777777778
9811,29980,201706131200,58.0,,,14.444444444444445
9812,29980,201706131300,57.0,,,13.88888888888889
9813,29980,201706131400,57.0,,,13.88888888888889
9814,29980,201706131500,54.0,,,12.222222222222221
9815,29980,201706131600,53.0,,,11.666666666666666
9816,29980,201706131700,52.0,,,11.11111111111111
9817,29980,201706131800,52.0,65.0,52.0,11.11111111111111
9818,29980,201706131900,52.0,,,11.11111111111111
9819,29980,201706132000,51.0,,,10.555555555555555
9820,29980,201706132100,51.0,,,10.555555555555555
9821,29980,201706132200,49.0,,,9.444444444444445
9822,29980,201706132300,48.0,,,8.88888888888889
9823,29980,201706140000,47.0,,,8.333333333333334
9824,29980,201706140100,44.0,,,6.666666666666666
9825,29980,201706140200,46.0,,,7.777777777777778
9826,29980,201706140300,50.0,,,10.0
9827,29980,201706140400,53.0,,,11.666666666666666
9828,29980,201706140500,56.0,,,13.333333333333332
9829,29980,201706140600,58.0,58.0,44.0,14.444444444444445
9830,29980,201706140700,61.0,,,16.11111111111111
9831,29980,201706140800,62.0,,,16.666666666666668
9832,29980,201706140900,63.0,,,17.22222222222222
9833,29980,201706141000,64.0,,,17.77777777777778
9834,29980,201706141100,64.0,,,17.77777777777778
9835,29980,201706141200,64.0,,,17.77777777777778
9836,29980,201706141300,65.0,,,18.333333333333332
9837,29980,201706141400,66.0,,,18.88888888888889
9838,29980,201706141500,68.0,,,20.0
9839,29980,201706141600,66.0,,,18.88888888888889
9840,29980,201706141700,66.0,,,18.88888888888889
9841,29980,201706141800,64.0,69.0,58.0,17.77777777777778
9842,29980,201706141900,62.0,,,16.666666666666668
9843,29980,201706142000,58.0,,,14.444444444444445
9844,29980,201706142100,55.0,,,12.777777777777777
9845,29980,201706142200,53.0,,,11.666666666666666
9846,29980,201706142300,50.0,,,10.0
9847,29980,201706150000,49.0,,,9.444444444444445
9848,29980,201706150100,48.0,,,8.88888888888889
9849,29980,201706150200,48.0,,,8.88888888888889
9850,29980,201706150300,51.0,,,10.555555555555555
9851,29980,201706150400,56.0,,,13.333333333333332
9852,29980,201706150500,62.0,,,16.666666666666668
9853,29980,201706150600,66.0,66.0,48.0,18.88888888888889
9854,29980,201706150700,67.0,,,19.444444444444443
9855,29980,201706150800,63.0,,,17.22222222222222
9856,29980,201706150900,60.0,,,15.555555555555555
9857,29980,201706151000,63.0,,,17.22222222222222
9858,29980,201706151100,63.0,,,17.22222222222222
9859,29980,201706151200,64.0,,,17.77777777777778
9860,29980,201706151300,67.0,,,19.444444444444443
9861,29980,201706151400,67.0,,,19.444444444444443
9862,29980,201706151500,67.0,,,19.444444444444443
9863,29980,201706151600,66.0,,,18.88888888888889
9864,29980,201706151700,64.0,,,17.77777777777778
9865,29980,201706151800,60.0,68.0,60.0,15.555555555555555
9866,29980,201706151900,58.0,,,14.444444444444445
9867,29980,201706152000,56.0,,,13.333333333333332
9868,29980,201706152100,56.0,,,13.333333333333332
9869,29980,201706152200,54.0,,,12.222222222222221
9870,29980,201706152300,56.0,,,13.333333333333332
9871,29980,201706160000,54.0,,,12.222222222222221
9872,29980,201706160100,54.0,,,12.222222222222221
9873,29980,201706160200,54.0,,,12.222222222222221
9874,29980,201706160300,57.0,,,13.88888888888889
9875,29980,201706160400,62.0,,,16.666666666666668
9876,29980,201706160500,67.0,,,19.444444444444443
9877,29980,201706160600,67.0,68.0,53.0,19.444444444444443
9878,29980,201706160700,68.0,,,20.0
9879,29980,201706160800,70.0,,,21.11111111111111
9880,29980,201706160900,71.0,,,21.666666666666668
9881,29980,201706161000,72.0,,,22.22222222222222
9882,29980,201706161100,72.0,,,22.22222222222222
9883,29980,201706161200,73.0,,,22.77777777777778
9884,29980,201706161300,69.0,,,20.555555555555554
9885,29980,201706161400,69.0,,,20.555555555555554
9886,29980,201706161500,70.0,,,21.11111111111111
9887,29980,201706161600,70.0,,,21.11111111111111
9888,29980,201706161700,69.0,,,20.555555555555554
9889,29980,201706161800,68.0,73.0,67.0,20.0
9890,29980,201706161900,66.0,,,18.88888888888889
9891,29980,201706162000,64.0,,,17.77777777777778
9892,29980,201706162100,61.0,,,16.11111111111111
9893,29980,201706162200,60.0,,,15.555555555555555
9894,29980,201706162300,59.0,,,15.0
9895,29980,201706170000,58.0,,,14.444444444444445
9896,29980,201706170100,57.0,,,13.88888888888889
9897,29980,201706170200,58.0,,,14.444444444444445
9898,29980,201706170300,60.0,,,15.555555555555555
9899,29980,201706170400,64.0,,,17.77777777777778
9900,29980,201706170500,67.0,,,19.444444444444443
9901,29980,201706170600,70.0,70.0,57.0,21.11111111111111
9902,29980,201706170700,72.0,,,22.22222222222222
9903,29980,201706170800,74.0,,,23.333333333333332
9904,29980,201706170900,71.0,,,21.666666666666668
9905,29980,201706171000,68.0,,,20.0
9906,29980,201706171100,71.0,,,21.666666666666668
9907,29980,201706171200,75.0,,,23.88888888888889
9908,29980,201706171300,74.0,,,23.333333333333332
9909,29980,201706171400,72.0,,,22.22222222222222
9910,29980,201706171500,71.0,,,21.666666666666668
9911,29980,201706171600,72.0,,,22.22222222222222
9912,29980,201706171700,69.0,,,20.555555555555554
9913,29980,201706171800,67.0,76.0,67.0,19.444444444444443
9914,29980,201706171900,67.0,,,19.444444444444443
9915,29980,201706172000,66.0,,,18.88888888888889
9916,29980,201706172100,64.0,,,17.77777777777778
9917,29980,201706172200,62.0,,,16.666666666666668
9918,29980,201706172300,60.0,,,15.555555555555555
9919,29980,201706180000,59.0,,,15.0
9920,29980,201706180100,58.0,,,14.444444444444445
9921,29980,201706180200,58.0,,,14.444444444444445
9922,29980,201706180300,60.0,,,15.555555555555555
9923,29980,201706180400,61.0,,,16.11111111111111
9924,29980,201706180500,61.0,,,16.11111111111111
9925,29980,201706180600,62.0,68.0,57.0,16.666666666666668
9926,29980,201706180700,63.0,,,17.22222222222222
9927,29980,201706180800,63.0,,,17.22222222222222
9928,29980,201706180900,62.0,,,16.666666666666668
9929,29980,201706181000,64.0,,,17.77777777777778
9930,29980,201706181100,65.0,,,18.333333333333332
9931,29980,201706181200,66.0,,,18.88888888888889
9932,29980,201706181300,65.0,,,18.333333333333332
9933,29980,201706181400,62.0,,,16.666666666666668
9934,29980,201706181500,62.0,,,16.666666666666668
9935,29980,201706181600,63.0,,,17.22222222222222
9936,29980,201706181700,66.0,,,18.88888888888889
9937,29980,201706181800,66.0,67.0,61.0,18.88888888888889
9938,29980,201706181900,65.0,,,18.333333333333332
9939,29980,201706182000,63.0,,,17.22222222222222
9940,29980,201706182100,63.0,,,17.22222222222222
9941,29980,201706182200,60.0,,,15.555555555555555
9942,29980,201706182300,61.0,,,16.11111111111111
9943,29980,201706190000,60.0,,,15.555555555555555
9944,29980,201706190100,59.0,,,15.0
9945,29980,201706190200,59.0,,,15.0
9946,29980,201706190300,59.0,,,15.0
9947,29980,201706190400,61.0,,,16.11111111111111
9948,29980,201706190500,64.0,,,17.77777777777778
9949,29980,201706190600,64.0,66.0,59.0,17.77777777777778
9950,29980,201706190700,65.0,,,18.333333333333332
9951,29980,201706190800,63.0,,,17.22222222222222
9952,29980,201706190900,64.0,,,17.77777777777778
9953,29980,201706191000,68.0,,,20.0
9954,29980,201706191100,70.0,,,21.11111111111111
9955,29980,201706191200,72.0,,,22.22222222222222
9956,29980,201706191300,72.0,,,22.22222222222222
9957,29980,201706191400,71.0,,,21.666666666666668
9958,29980,201706191500,72.0,,,22.22222222222222
9959,29980,201706191600,69.0,,,20.555555555555554
9960,29980,201706191700,67.0,,,19.444444444444443
9961,29980,201706191800,64.0,73.0,63.0,17.77777777777778
9962,29980,201706191900,62.0,,,16.666666666666668
9963,29980,201706192000,60.0,,,15.555555555555555
9964,29980,201706192100,58.0,,,14.444444444444445
9965,29980,201706192200,58.0,,,14.444444444444445
9966,29980,201706192300,56.0,,,13.333333333333332
9967,29980,201706200000,56.0,,,13.333333333333332
9968,29980,201706200100,55.0,,,12.777777777777777
9969,29980,201706200200,55.0,,,12.777777777777777
9970,29980,201706200300,53.0,,,11.666666666666666
9971,29980,201706200400,54.0,,,12.222222222222221
9972,29980,201706200500,52.0,,,11.11111111111111
9973,29980,201706200600,52.0,65.0,52.0,11.11111111111111
9974,29980,201706200700,52.0,,,11.11111111111111
9975,29980,201706200800,52.0,,,11.11111111111111
9976,29980,201706200900,54.0,,,12.222222222222221
9977,29980,201706201000,59.0,,,15.0
9978,29980,201706201100,63.0,,,17.22222222222222
9979,29980,201706201200,63.0,,,17.22222222222222
9980,29980,201706201300,62.0,,,16.666666666666668
9981,29980,201706201400,57.0,,,13.88888888888889
9982,29980,201706201500,55.0,,,12.777777777777777
9983,29980,201706201600,55.0,,,12.777777777777777
9984,29980,201706201700,55.0,,,12.777777777777777
9985,29980,201706201800,55.0,65.0,51.0,12.777777777777777
9986,29980,201706201900,54.0,,,12.222222222222221
9987,29980,201706202000,53.0,,,11.666666666666666
9988,29980,201706202100,51.0,,,10.555555555555555
9989,29980,201706202200,51.0,,,10.555555555555555
9990,29980,201706202300,50.0,,,10.0
9991,29980,201706210000,49.0,,,9.444444444444445
9992,29980,201706210100,49.0,,,9.444444444444445
9993,29980,201706210200,49.0,,,9.444444444444445
9994,29980,201706210300,49.0,,,9.444444444444445
9995,29980,201706210400,51.0,,,10.555555555555555
9996,29980,201706210500,53.0,,,11.666666666666666
9997,29980,201706210600,56.0,56.0,49.0,13.333333333333332
9998,29980,201706210700,56.0,,,13.333333333333332
9999,29980,201706210800,56.0,,,13.333333333333332
10000,29980,201706210900,59.0,,,15.0
10001,29980,201706211000,60.0,,,15.555555555555555
10002,29980,201706211100,59.0,,,15.0
10003,29980,201706211200,63.0,,,17.22222222222222
10004,29980,201706211300,50.0,,,10.0
10005,29980,201706211400,50.0,,,10.0
10006,29980,201706211500,52.0,,,11.11111111111111
10007,29980,201706211600,53.0,,,11.666666666666666
10008,29980,201706211700,57.0,,,13.88888888888889
10009,29980,201706211800,55.0,65.0,49.0,12.777777777777777
10010,29980,201706211900,54.0,,,12.222222222222221
10011,29980,201706212000,52.0,,,11.11111111111111
10012,29980,201706212100,51.0,,,10.555555555555555
10013,29980,201706212200,51.0,,,10.555555555555555
10014,29980,201706212300,49.0,,,9.444444444444445
10015,29980,201706220000,48.0,,,8.88888888888889
10016,29980,201706220100,48.0,,,8.88888888888889
10017,29980,201706220200,48.0,,,8.88888888888889
10018,29980,201706220300,50.0,,,10.0
10019,29980,201706220400,51.0,,,10.555555555555555
10020,29980,201706220500,55.0,,,12.777777777777777
10021,29980,201706220600,56.0,57.0,48.0,13.333333333333332
10022,29980,201706220700,58.0,,,14.444444444444445
10023,29980,201706220800,60.0,,,15.555555555555555
10024,29980,201706220900,60.0,,,15.555555555555555
10025,29980,201706221000,54.0,,,12.222222222222221
10026,29980,201706221100,63.0,,,17.22222222222222
10027,29980,201706221200,56.0,,,13.333333333333332
10028,29980,201706221300,55.0,,,12.777777777777777
10029,29980,201706221400,58.0,,,14.444444444444445
10030,29980,201706221500,59.0,,,15.0
10031,29980,201706221600,54.0,,,12.222222222222221
10032,29980,201706221700,55.0,,,12.777777777777777
10033,29980,201706221800,55.0,63.0,53.0,12.777777777777777
10034,29980,201706221900,52.0,,,11.11111111111111
10035,29980,201706222000,51.0,,,10.555555555555555
10036,29980,201706222100,48.0,,,8.88888888888889
10037,29980,201706222200,47.0,,,8.333333333333334
10038,29980,201706222300,47.0,,,8.333333333333334
10039,29980,201706230000,46.0,,,7.777777777777778
10040,29980,201706230100,44.0,,,6.666666666666666
10041,29980,201706230200,45.0,,,7.222222222222222
10042,29980,201706230300,46.0,,,7.777777777777778
10043,29980,201706230400,47.0,,,8.333333333333334
10044,29980,201706230500,51.0,,,10.555555555555555
10045,29980,201706230600,50.0,55.0,44.0,10.0
10046,29980,201706230700,51.0,,,10.555555555555555
10047,29980,201706230800,51.0,,,10.555555555555555
10048,29980,201706230900,52.0,,,11.11111111111111
10049,29980,201706231000,55.0,,,12.777777777777777
10050,29980,201706231100,56.0,,,13.333333333333332
10051,29980,201706231200,56.0,,,13.333333333333332
10052,29980,201706231300,55.0,,,12.777777777777777
10053,29980,201706231400,57.0,,,13.88888888888889
10054,29980,201706231500,55.0,,,12.777777777777777
10055,29980,201706231600,55.0,,,12.777777777777777
10056,29980,201706231700,54.0,,,12.222222222222221
10057,29980,201706231800,54.0,60.0,50.0,12.222222222222221
10058,29980,201706231900,54.0,,,12.222222222222221
10059,29980,201706232000,54.0,,,12.222222222222221
10060,29980,201706232100,53.0,,,11.666666666666666
10061,29980,201706232200,50.0,,,10.0
10062,29980,201706232300,50.0,,,10.0
10063,29980,201706240000,49.0,,,9.444444444444445
10064,29980,201706240100,49.0,,,9.444444444444445
10065,29980,201706240200,49.0,,,9.444444444444445
10066,29980,201706240300,51.0,,,10.555555555555555
10067,29980,201706240400,55.0,,,12.777777777777777
10068,29980,201706240500,56.0,,,13.333333333333332
10069,29980,201706240600,57.0,57.0,48.0,13.88888888888889
10070,29980,201706240700,58.0,,,14.444444444444445
10071,29980,201706240800,59.0,,,15.0
10072,29980,201706240900,60.0,,,15.555555555555555
10073,29980,201706241000,61.0,,,16.11111111111111
10074,29980,201706241100,59.0,,,15.0
10075,29980,201706241200,62.0,,,16.666666666666668
10076,29980,201706241300,60.0,,,15.555555555555555
10077,29980,201706241400,55.0,,,12.777777777777777
10078,29980,201706241500,56.0,,,13.333333333333332
10079,29980,201706241600,55.0,,,12.777777777777777
10080,29980,201706241700,55.0,,,12.777777777777777
10081,29980,201706241800,55.0,63.0,55.0,12.777777777777777
10082,29980,201706241900,54.0,,,12.222222222222221
10083,29980,201706242000,52.0,,,11.11111111111111
10084,29980,201706242100,51.0,,,10.555555555555555
10085,29980,201706242200,52.0,,,11.11111111111111
10086,29980,201706242300,53.0,,,11.666666666666666
10087,29980,201706250000,53.0,,,11.666666666666666
10088,29980,201706250100,54.0,,,12.222222222222221
10089,29980,201706250200,55.0,,,12.777777777777777
10090,29980,201706250300,55.0,,,12.777777777777777
10091,29980,201706250400,54.0,,,12.222222222222221
10092,29980,201706250500,56.0,,,13.333333333333332
10093,29980,201706250600,59.0,59.0,51.0,15.0
10094,29980,201706250700,59.0,,,15.0
10095,29980,201706250800,61.0,,,16.11111111111111
10096,29980,201706250900,60.0,,,15.555555555555555
10097,29980,201706251000,60.0,,,15.555555555555555
10098,29980,201706251100,61.0,,,16.11111111111111
10099,29980,201706251200,62.0,,,16.666666666666668
10100,29980,201706251300,60.0,,,15.555555555555555
10101,29980,201706251400,61.0,,,16.11111111111111
10102,29980,201706251500,59.0,,,15.0
10103,29980,201706251600,58.0,,,14.444444444444445
10104,29980,201706251700,58.0,,,14.444444444444445
10105,29980,201706251800,56.0,63.0,56.0,13.333333333333332
10106,29980,201706251900,56.0,,,13.333333333333332
10107,29980,201706252000,55.0,,,12.777777777777777
10108,29980,201706252100,55.0,,,12.777777777777777
10109,29980,201706252200,55.0,,,12.777777777777777
10110,29980,201706252300,54.0,,,12.222222222222221
10111,29980,201706260000,54.0,,,12.222222222222221
10112,29980,201706260100,53.0,,,11.666666666666666
10113,29980,201706260200,53.0,,,11.666666666666666
10114,29980,201706260300,54.0,,,12.222222222222221
10115,29980,201706260400,54.0,,,12.222222222222221
10116,29980,201706260500,56.0,,,13.333333333333332
10117,29980,201706260600,58.0,58.0,53.0,14.444444444444445
10118,29980,201706260700,59.0,,,15.0
10119,29980,201706260800,58.0,,,14.444444444444445
10120,29980,201706260900,59.0,,,15.0
10121,29980,201706261000,58.0,,,14.444444444444445
10122,29980,201706261100,59.0,,,15.0
10123,29980,201706261200,60.0,,,15.555555555555555
10124,29980,201706261300,58.0,,,14.444444444444445
10125,29980,201706261400,59.0,,,15.0
10126,29980,201706261500,57.0,,,13.88888888888889
10127,29980,201706262100,54.0,,,12.222222222222221
10128,29980,201706262200,53.0,,,11.666666666666666
10129,29980,201706262300,53.0,,,11.666666666666666
10130,29980,201706270000,53.0,,,11.666666666666666
10131,29980,201706270100,53.0,,,11.666666666666666
10132,29980,201706270200,53.0,,,11.666666666666666
10133,29980,201706270300,54.0,,,12.222222222222221
10134,29980,201706270400,55.0,,,12.777777777777777
10135,29980,201706270500,57.0,,,13.88888888888889
10136,29980,201706270600,56.0,58.0,52.0,13.333333333333332
10137,29980,201706270700,56.0,,,13.333333333333332
10138,29980,201706270800,58.0,,,14.444444444444445
10139,29980,201706270900,58.0,,,14.444444444444445
10140,29980,201706271000,60.0,,,15.555555555555555
10141,29980,201706271100,60.0,,,15.555555555555555
10142,29980,201706271200,60.0,,,15.555555555555555
10143,29980,201706271300,62.0,,,16.666666666666668
10144,29980,201706271400,59.0,,,15.0
10145,29980,201706271500,60.0,,,15.555555555555555
10146,29980,201706271600,59.0,,,15.0
10147,29980,201706271700,60.0,,,15.555555555555555
10148,29980,201706271800,58.0,64.0,55.0,14.444444444444445
10149,29980,201706271900,57.0,,,13.88888888888889
10150,29980,201706272000,56.0,,,13.333333333333332
10151,29980,201706272100,54.0,,,12.222222222222221
10152,29980,201706272200,53.0,,,11.666666666666666
10153,29980,201706272300,52.0,,,11.11111111111111
10154,29980,201706280000,51.0,,,10.555555555555555
10155,29980,201706280100,50.0,,,10.0
10156,29980,201706280200,51.0,,,10.555555555555555
10157,29980,201706280300,53.0,,,11.666666666666666
10158,29980,201706280400,55.0,,,12.777777777777777
10159,29980,201706280500,58.0,,,14.444444444444445
10160,29980,201706280600,60.0,60.0,50.0,15.555555555555555
10161,29980,201706280700,62.0,,,16.666666666666668
10162,29980,201706280800,64.0,,,17.77777777777778
10163,29980,201706280900,65.0,,,18.333333333333332
10164,29980,201706281000,65.0,,,18.333333333333332
10165,29980,201706281100,67.0,,,19.444444444444443
10166,29980,201706281200,66.0,,,18.88888888888889
10167,29980,201706281300,67.0,,,19.444444444444443
10168,29980,201706281400,66.0,,,18.88888888888889
10169,29980,201706281500,67.0,,,19.444444444444443
10170,29980,201706281600,66.0,,,18.88888888888889
10171,29980,201706281700,63.0,,,17.22222222222222
10172,29980,201706281800,60.0,68.0,60.0,15.555555555555555
10173,29980,201706281900,58.0,,,14.444444444444445
10174,29980,201706282000,56.0,,,13.333333333333332
10175,29980,201706282100,54.0,,,12.222222222222221
10176,29980,201706282200,53.0,,,11.666666666666666
10177,29980,201706282300,50.0,,,10.0
10178,29980,201706290000,49.0,,,9.444444444444445
10179,29980,201706290100,47.0,,,8.333333333333334
10180,29980,201706290200,48.0,,,8.88888888888889
10181,29980,201706290300,53.0,,,11.666666666666666
10182,29980,201706290400,58.0,,,14.444444444444445
10183,29980,201706290500,59.0,,,15.0
10184,29980,201706290600,61.0,61.0,47.0,16.11111111111111
10185,29980,201706290700,63.0,,,17.22222222222222
10186,29980,201706290800,64.0,,,17.77777777777778
10187,29980,201706290900,65.0,,,18.333333333333332
10188,29980,201706291000,67.0,,,19.444444444444443
10189,29980,201706291100,67.0,,,19.444444444444443
10190,29980,201706291200,68.0,,,20.0
10191,29980,201706291300,68.0,,,20.0
10192,29980,201706291400,66.0,,,18.88888888888889
10193,29980,201706291500,67.0,,,19.444444444444443
10194,29980,201706291600,67.0,,,19.444444444444443
10195,29980,201706291700,66.0,,,18.88888888888889
10196,29980,201706291800,65.0,69.0,61.0,18.333333333333332
10197,29980,201706291900,64.0,,,17.77777777777778
10198,29980,201706292000,63.0,,,17.22222222222222
10199,29980,201706292100,63.0,,,17.22222222222222
10200,29980,201706292200,62.0,,,16.666666666666668
10201,29980,201706292300,61.0,,,16.11111111111111
10202,29980,201706300000,60.0,,,15.555555555555555
10203,29980,201706300100,58.0,,,14.444444444444445
10204,29980,201706300200,58.0,,,14.444444444444445
10205,29980,201706300300,58.0,,,14.444444444444445
10206,29980,201706300400,59.0,,,15.0
10207,29980,201706300500,60.0,,,15.555555555555555
10208,29980,201706300600,61.0,65.0,58.0,16.11111111111111
10209,29980,201706300700,63.0,,,17.22222222222222
10210,29980,201706300800,64.0,,,17.77777777777778
10211,29980,201706301000,66.0,,,18.88888888888889
10212,29980,201706301100,67.0,,,19.444444444444443
10213,29980,201706301200,66.0,,,18.88888888888889
10214,29980,201706301300,67.0,,,19.444444444444443
10215,29980,201706301400,66.0,,,18.88888888888889
10216,29980,201706301500,66.0,,,18.88888888888889
10217,29980,201706301600,65.0,,,18.333333333333332
10218,29980,201706301700,65.0,,,18.333333333333332
10219,29980,201706301800,65.0,68.0,61.0,18.333333333333332
10220,29980,201706301900,65.0,,,18.333333333333332
10221,29980,201706302000,61.0,,,16.11111111111111
10222,29980,201706302100,63.0,,,17.22222222222222
10223,29980,201706302200,62.0,,,16.666666666666668
10224,29980,201706302300,61.0,,,16.11111111111111
10225,29980,201707010000,59.0,,,15.0
10226,29980,201707010100,57.0,,,13.88888888888889
10227,29980,201707010200,57.0,,,13.88888888888889
10228,29980,201707010300,56.0,,,13.333333333333332
10229,29980,201707010400,56.0,,,13.333333333333332
10230,29980,201707010500,57.0,,,13.88888888888889
10231,29980,201707010600,57.0,65.0,56.0,13.88888888888889
10232,29980,201707010700,58.0,,,14.444444444444445
10233,29980,201707010800,58.0,,,14.444444444444445
10234,29980,201707010900,59.0,,,15.0
10235,29980,201707011000,57.0,,,13.88888888888889
10236,29980,201707011100,57.0,,,13.88888888888889
10237,29980,201707011200,56.0,,,13.333333333333332
10238,29980,201707011300,56.0,,,13.333333333333332
10239,29980,201707011400,57.0,,,13.88888888888889
10240,29980,201707011500,56.0,,,13.333333333333332
10241,29980,201707011600,58.0,,,14.444444444444445
10242,29980,201707011700,57.0,,,13.88888888888889
10243,29980,201707011800,56.0,59.0,56.0,13.333333333333332
10244,29980,201707011900,56.0,,,13.333333333333332
10245,29980,201707012000,57.0,,,13.88888888888889
10246,29980,201707012100,58.0,,,14.444444444444445
10247,29980,201707012200,58.0,,,14.444444444444445
10248,29980,201707012300,59.0,,,15.0
10249,29980,201707020000,59.0,,,15.0
10250,29980,201707020100,59.0,,,15.0
10251,29980,201707020200,59.0,,,15.0
10252,29980,201707020300,59.0,,,15.0
10253,29980,201707020400,59.0,,,15.0
10254,29980,201707020500,59.0,,,15.0
10255,29980,201707020600,59.0,60.0,56.0,15.0
10256,29980,201707020700,60.0,,,15.555555555555555
10257,29980,201707020800,62.0,,,16.666666666666668
10258,29980,201707020900,63.0,,,17.22222222222222
10259,29980,201707021000,64.0,,,17.77777777777778
10260,29980,201707021100,65.0,,,18.333333333333332
10261,29980,201707021200,65.0,,,18.333333333333332
10262,29980,201707021300,66.0,,,18.88888888888889
10263,29980,201707021400,66.0,,,18.88888888888889
10264,29980,201707021500,65.0,,,18.333333333333332
10265,29980,201707021600,65.0,,,18.333333333333332
10266,29980,201707021700,64.0,,,17.77777777777778
10267,29980,201707021800,62.0,67.0,60.0,16.666666666666668
10268,29980,201707021900,60.0,,,15.555555555555555
10269,29980,201707022000,60.0,,,15.555555555555555
10270,29980,201707022100,59.0,,,15.0
10271,29980,201707022200,59.0,,,15.0
10272,29980,201707022300,58.0,,,14.444444444444445
10273,29980,201707030000,58.0,,,14.444444444444445
10274,29980,201707030100,57.0,,,13.88888888888889
10275,29980,201707030200,57.0,,,13.88888888888889
10276,29980,201707030300,57.0,,,13.88888888888889
10277,29980,201707030400,58.0,,,14.444444444444445
10278,29980,201707030500,58.0,,,14.444444444444445
10279,29980,201707030600,59.0,62.0,57.0,15.0
10280,29980,201707030700,57.0,,,13.88888888888889
10281,29980,201707030800,56.0,,,13.333333333333332
10282,29980,201707030900,58.0,,,14.444444444444445
10283,29980,201707031000,58.0,,,14.444444444444445
10284,29980,201707031100,59.0,,,15.0
10285,29980,201707031200,58.0,,,14.444444444444445
10286,29980,201707031300,64.0,,,17.77777777777778
10287,29980,201707031400,62.0,,,16.666666666666668
10288,29980,201707031600,61.0,,,16.11111111111111
10289,29980,201707031700,59.0,,,15.0
10290,29980,201707031800,58.0,64.0,56.0,14.444444444444445
10291,29980,201707031900,56.0,,,13.333333333333332
10292,29980,201707032000,55.0,,,12.777777777777777
10293,29980,201707032100,54.0,,,12.222222222222221
10294,29980,201707032200,55.0,,,12.777777777777777
10295,29980,201707032300,55.0,,,12.777777777777777
10296,29980,201707040000,54.0,,,12.222222222222221
10297,29980,201707040100,53.0,,,11.666666666666666
10298,29980,201707040200,54.0,,,12.222222222222221
10299,29980,201707040300,54.0,,,12.222222222222221
10300,29980,201707040400,56.0,,,13.333333333333332
10301,29980,201707040500,58.0,,,14.444444444444445
10302,29980,201707040600,58.0,60.0,53.0,14.444444444444445
10303,29980,201707040700,59.0,,,15.0
10304,29980,201707040800,60.0,,,15.555555555555555
10305,29980,201707040900,60.0,,,15.555555555555555
10306,29980,201707041000,57.0,,,13.88888888888889
10307,29980,201707041100,60.0,,,15.555555555555555
10308,29980,201707041200,61.0,,,16.11111111111111
10309,29980,201707041300,63.0,,,17.22222222222222
10310,29980,201707041400,62.0,,,16.666666666666668
10311,29980,201707041500,61.0,,,16.11111111111111
10312,29980,201707041600,58.0,,,14.444444444444445
10313,29980,201707041700,58.0,,,14.444444444444445
10314,29980,201707041800,57.0,65.0,56.0,13.88888888888889
10315,29980,201707041900,56.0,,,13.333333333333332
10316,29980,201707042000,56.0,,,13.333333333333332
10317,29980,201707042100,54.0,,,12.222222222222221
10318,29980,201707042200,55.0,,,12.777777777777777
10319,29980,201707042300,55.0,,,12.777777777777777
10320,29980,201707050000,55.0,,,12.777777777777777
10321,29980,201707050100,55.0,,,12.777777777777777
10322,29980,201707050200,55.0,,,12.777777777777777
10323,29980,201707050300,55.0,,,12.777777777777777
10324,29980,201707050400,55.0,,,12.777777777777777
10325,29980,201707050500,55.0,,,12.777777777777777
10326,29980,201707050600,56.0,57.0,54.0,13.333333333333332
10327,29980,201707050700,56.0,,,13.333333333333332
10328,29980,201707050800,58.0,,,14.444444444444445
10329,29980,201707050900,58.0,,,14.444444444444445
10330,29980,201707051000,60.0,,,15.555555555555555
10331,29980,201707051100,63.0,,,17.22222222222222
10332,29980,201707051200,64.0,,,17.77777777777778
10333,29980,201707051300,63.0,,,17.22222222222222
10334,29980,201707051400,62.0,,,16.666666666666668
10335,29980,201707051500,61.0,,,16.11111111111111
10336,29980,201707051600,63.0,,,17.22222222222222
10337,29980,201707051700,59.0,,,15.0
10338,29980,201707051800,58.0,64.0,55.0,14.444444444444445
10339,29980,201707051900,56.0,,,13.333333333333332
10340,29980,201707052000,53.0,,,11.666666666666666
10341,29980,201707052100,50.0,,,10.0
10342,29980,201707052200,49.0,,,9.444444444444445
10343,29980,201707052300,49.0,,,9.444444444444445
10344,29980,201707060000,49.0,,,9.444444444444445
10345,29980,201707060100,48.0,,,8.88888888888889
10346,29980,201707060200,47.0,,,8.333333333333334
10347,29980,201707060300,47.0,,,8.333333333333334
10348,29980,201707060400,49.0,,,9.444444444444445
10349,29980,201707060500,51.0,,,10.555555555555555
10350,29980,201707060600,51.0,58.0,47.0,10.555555555555555
10351,29980,201707060700,53.0,,,11.666666666666666
10352,29980,201707060800,55.0,,,12.777777777777777
10353,29980,201707060900,57.0,,,13.88888888888889
10354,29980,201707061000,58.0,,,14.444444444444445
10355,29980,201707061100,55.0,,,12.777777777777777
10356,29980,201707061200,58.0,,,14.444444444444445
10357,29980,201707061300,60.0,,,15.555555555555555
10358,29980,201707061400,59.0,,,15.0
10359,29980,201707061500,59.0,,,15.0
10360,29980,201707061600,55.0,,,12.777777777777777
10361,29980,201707061700,57.0,,,13.88888888888889
10362,29980,201707061800,52.0,62.0,51.0,11.11111111111111
10363,29980,201707061900,53.0,,,11.666666666666666
10364,29980,201707062000,51.0,,,10.555555555555555
10365,29980,201707062100,47.0,,,8.333333333333334
10366,29980,201707062200,47.0,,,8.333333333333334
10367,29980,201707062300,47.0,,,8.333333333333334
10368,29980,201707070000,47.0,,,8.333333333333334
10369,29980,201707070100,46.0,,,7.777777777777778
10370,29980,201707070200,47.0,,,8.333333333333334
10371,29980,201707070300,49.0,,,9.444444444444445
10372,29980,201707070400,52.0,,,11.11111111111111
10373,29980,201707070500,55.0,,,12.777777777777777
10374,29980,201707070600,58.0,59.0,46.0,14.444444444444445
10375,29980,201707070700,60.0,,,15.555555555555555
10376,29980,201707070800,64.0,,,17.77777777777778
10377,29980,201707070900,65.0,,,18.333333333333332
10378,29980,201707071000,67.0,,,19.444444444444443
10379,29980,201707071100,63.0,,,17.22222222222222
10380,29980,201707071200,66.0,,,18.88888888888889
10381,29980,201707071300,65.0,,,18.333333333333332
10382,29980,201707071400,67.0,,,19.444444444444443
10383,29980,201707071500,65.0,,,18.333333333333332
10384,29980,201707071600,63.0,,,17.22222222222222
10385,29980,201707071700,63.0,,,17.22222222222222
10386,29980,201707071800,61.0,68.0,58.0,16.11111111111111
10387,29980,201707071900,61.0,,,16.11111111111111
10388,29980,201707072000,58.0,,,14.444444444444445
10389,29980,201707072100,58.0,,,14.444444444444445
10390,29980,201707072200,55.0,,,12.777777777777777
10391,29980,201707072300,53.0,,,11.666666666666666
10392,29980,201707080000,53.0,,,11.666666666666666
10393,29980,201707080100,52.0,,,11.11111111111111
10394,29980,201707080200,52.0,,,11.11111111111111
10395,29980,201707080300,54.0,,,12.222222222222221
10396,29980,201707080400,56.0,,,13.333333333333332
10397,29980,201707080500,61.0,,,16.11111111111111
10398,29980,201707080600,64.0,65.0,52.0,17.77777777777778
10399,29980,201707080700,66.0,,,18.88888888888889
10400,29980,201707080800,68.0,,,20.0
10401,29980,201707080900,61.0,,,16.11111111111111
10402,29980,201707081000,64.0,,,17.77777777777778
10403,29980,201707081100,63.0,,,17.22222222222222
10404,29980,201707081200,66.0,,,18.88888888888889
10405,29980,201707081300,62.0,,,16.666666666666668
10406,29980,201707081400,70.0,,,21.11111111111111
10407,29980,201707081500,67.0,,,19.444444444444443
10408,29980,201707081600,65.0,,,18.333333333333332
10409,29980,201707081700,67.0,,,19.444444444444443
10410,29980,201707081800,65.0,72.0,61.0,18.333333333333332
10411,29980,201707081900,61.0,,,16.11111111111111
10412,29980,201707082000,60.0,,,15.555555555555555
10413,29980,201707082100,58.0,,,14.444444444444445
10414,29980,201707082200,58.0,,,14.444444444444445
10415,29980,201707082300,58.0,,,14.444444444444445
10416,29980,201707090000,56.0,,,13.333333333333332
10417,29980,201707090100,56.0,,,13.333333333333332
10418,29980,201707090200,55.0,,,12.777777777777777
10419,29980,201707090300,58.0,,,14.444444444444445
10420,29980,201707090400,59.0,,,15.0
10421,29980,201707090500,61.0,,,16.11111111111111
10422,29980,201707090600,64.0,65.0,54.0,17.77777777777778
10423,29980,201707090700,63.0,,,17.22222222222222
10424,29980,201707090800,65.0,,,18.333333333333332
10425,29980,201707090900,66.0,,,18.88888888888889
10426,29980,201707091000,68.0,,,20.0
10427,29980,201707091100,68.0,,,20.0
10428,29980,201707091200,68.0,,,20.0
10429,29980,201707091300,68.0,,,20.0
10430,29980,201707091400,69.0,,,20.555555555555554
10431,29980,201707091500,71.0,,,21.666666666666668
10432,29980,201707091600,68.0,,,20.0
10433,29980,201707091700,66.0,,,18.88888888888889
10434,29980,201707091800,64.0,71.0,62.0,17.77777777777778
10435,29980,201707091900,63.0,,,17.22222222222222
10436,29980,201707092000,61.0,,,16.11111111111111
10437,29980,201707092100,59.0,,,15.0
10438,29980,201707092200,58.0,,,14.444444444444445
10439,29980,201707092300,56.0,,,13.333333333333332
10440,29980,201707100000,54.0,,,12.222222222222221
10441,29980,201707100100,54.0,,,12.222222222222221
10442,29980,201707100200,54.0,,,12.222222222222221
10443,29980,201707100300,57.0,,,13.88888888888889
10444,29980,201707100400,62.0,,,16.666666666666668
10445,29980,201707100500,65.0,,,18.333333333333332
10446,29980,201707100600,68.0,68.0,54.0,20.0
10447,29980,201707100700,68.0,,,20.0
10448,29980,201707100800,67.0,,,19.444444444444443
10449,29980,201707100900,68.0,,,20.0
10450,29980,201707101000,69.0,,,20.555555555555554
10451,29980,201707101100,68.0,,,20.0
10452,29980,201707101200,71.0,,,21.666666666666668
10453,29980,201707101300,71.0,,,21.666666666666668
10454,29980,201707101400,72.0,,,22.22222222222222
10455,29980,201707101500,71.0,,,21.666666666666668
10456,29980,201707101600,69.0,,,20.555555555555554
10457,29980,201707101700,68.0,,,20.0
10458,29980,201707101800,66.0,72.0,66.0,18.88888888888889
10459,29980,201707101900,64.0,,,17.77777777777778
10460,29980,201707102000,62.0,,,16.666666666666668
10461,29980,201707102100,60.0,,,15.555555555555555
10462,29980,201707102200,59.0,,,15.0
10463,29980,201707102300,59.0,,,15.0
10464,29980,201707110000,59.0,,,15.0
10465,29980,201707110100,59.0,,,15.0
10466,29980,201707110200,59.0,,,15.0
10467,29980,201707110300,59.0,,,15.0
10468,29980,201707110400,62.0,,,16.666666666666668
10469,29980,201707110500,62.0,,,16.666666666666668
10470,29980,201707110600,64.0,66.0,59.0,17.77777777777778
10471,29980,201707110700,64.0,,,17.77777777777778
10472,29980,201707110800,63.0,,,17.22222222222222
10473,29980,201707110900,64.0,,,17.77777777777778
10474,29980,201707111000,64.0,,,17.77777777777778
10475,29980,201707111100,66.0,,,18.88888888888889
10476,29980,201707111200,66.0,,,18.88888888888889
10477,29980,201707111300,64.0,,,17.77777777777778
10478,29980,201707111400,64.0,,,17.77777777777778
10479,29980,201707111500,62.0,,,16.666666666666668
10480,29980,201707111600,61.0,,,16.11111111111111
10481,29980,201707111700,61.0,,,16.11111111111111
10482,29980,201707111800,61.0,66.0,61.0,16.11111111111111
10483,29980,201707111900,62.0,,,16.666666666666668
10484,29980,201707112000,62.0,,,16.666666666666668
10485,29980,201707112100,63.0,,,17.22222222222222
10486,29980,201707112200,63.0,,,17.22222222222222
10487,29980,201707112300,63.0,,,17.22222222222222
10488,29980,201707120000,62.0,,,16.666666666666668
10489,29980,201707120100,60.0,,,15.555555555555555
10490,29980,201707120200,59.0,,,15.0
10491,29980,201707120300,59.0,,,15.0
10492,29980,201707120400,59.0,,,15.0
10493,29980,201707120500,59.0,,,15.0
10494,29980,201707120600,60.0,64.0,59.0,15.555555555555555
10495,29980,201707120700,60.0,,,15.555555555555555
10496,29980,201707120800,62.0,,,16.666666666666668
10497,29980,201707120900,62.0,,,16.666666666666668
10498,29980,201707121000,64.0,,,17.77777777777778
10499,29980,201707121100,63.0,,,17.22222222222222
10500,29980,201707121200,66.0,,,18.88888888888889
10501,29980,201707121300,69.0,,,20.555555555555554
10502,29980,201707121400,66.0,,,18.88888888888889
10503,29980,201707121500,67.0,,,19.444444444444443
10504,29980,201707121600,66.0,,,18.88888888888889
10505,29980,201707121700,64.0,,,17.77777777777778
10506,29980,201707121800,63.0,70.0,60.0,17.22222222222222
10507,29980,201707121900,61.0,,,16.11111111111111
10508,29980,201707122000,59.0,,,15.0
10509,29980,201707122100,58.0,,,14.444444444444445
10510,29980,201707122200,57.0,,,13.88888888888889
10511,29980,201707122300,57.0,,,13.88888888888889
10512,29980,201707130000,57.0,,,13.88888888888889
10513,29980,201707130100,58.0,,,14.444444444444445
10514,29980,201707130200,58.0,,,14.444444444444445
10515,29980,201707130300,58.0,,,14.444444444444445
10516,29980,201707130400,59.0,,,15.0
10517,29980,201707130500,60.0,,,15.555555555555555
10518,29980,201707130600,59.0,63.0,56.0,15.0
10519,29980,201707130700,61.0,,,16.11111111111111
10520,29980,201707130800,62.0,,,16.666666666666668
10521,29980,201707130900,66.0,,,18.88888888888889
10522,29980,201707131000,65.0,,,18.333333333333332
10523,29980,201707131100,63.0,,,17.22222222222222
10524,29980,201707131200,60.0,,,15.555555555555555
10525,29980,201707131300,59.0,,,15.0
10526,29980,201707131400,58.0,,,14.444444444444445
10527,29980,201707131500,59.0,,,15.0
10528,29980,201707131600,56.0,,,13.333333333333332
10529,29980,201707131700,55.0,,,12.777777777777777
10530,29980,201707131800,55.0,67.0,55.0,12.777777777777777
10531,29980,201707131900,55.0,,,12.777777777777777
10532,29980,201707132000,55.0,,,12.777777777777777
10533,29980,201707132100,53.0,,,11.666666666666666
10534,29980,201707132200,52.0,,,11.11111111111111
10535,29980,201707132300,52.0,,,11.11111111111111
10536,29980,201707140000,51.0,,,10.555555555555555
10537,29980,201707140100,51.0,,,10.555555555555555
10538,29980,201707140200,51.0,,,10.555555555555555
10539,29980,201707140300,52.0,,,11.11111111111111
10540,29980,201707140400,53.0,,,11.666666666666666
10541,29980,201707140500,56.0,,,13.333333333333332
10542,29980,201707140600,57.0,57.0,50.0,13.88888888888889
10543,29980,201707140700,59.0,,,15.0
10544,29980,201707140800,61.0,,,16.11111111111111
10545,29980,201707140900,64.0,,,17.77777777777778
10546,29980,201707141000,64.0,,,17.77777777777778
10547,29980,201707141100,66.0,,,18.88888888888889
10548,29980,201707141200,68.0,,,20.0
10549,29980,201707141300,68.0,,,20.0
10550,29980,201707141400,68.0,,,20.0
10551,29980,201707141500,68.0,,,20.0
10552,29980,201707141600,67.0,,,19.444444444444443
10553,29980,201707141700,65.0,,,18.333333333333332
10554,29980,201707141800,62.0,69.0,57.0,16.666666666666668
10555,29980,201707141900,59.0,,,15.0
10556,29980,201707142000,55.0,,,12.777777777777777
10557,29980,201707142100,54.0,,,12.222222222222221
10558,29980,201707142200,52.0,,,11.11111111111111
10559,29980,201707142300,51.0,,,10.555555555555555
10560,29980,201707150000,49.0,,,9.444444444444445
10561,29980,201707150100,48.0,,,8.88888888888889
10562,29980,201707150200,47.0,,,8.333333333333334
10563,29980,201707150300,50.0,,,10.0
10564,29980,201707150400,55.0,,,12.777777777777777
10565,29980,201707150500,60.0,,,15.555555555555555
10566,29980,201707150600,62.0,62.0,47.0,16.666666666666668
10567,29980,201707150700,65.0,,,18.333333333333332
10568,29980,201707150800,68.0,,,20.0
10569,29980,201707150900,65.0,,,18.333333333333332
10570,29980,201707151000,69.0,,,20.555555555555554
10571,29980,201707151100,69.0,,,20.555555555555554
10572,29980,201707151200,70.0,,,21.11111111111111
10573,29980,201707151300,71.0,,,21.666666666666668
10574,29980,201707151400,72.0,,,22.22222222222222
10575,29980,201707151500,72.0,,,22.22222222222222
10576,29980,201707151600,71.0,,,21.666666666666668
10577,29980,201707151700,70.0,,,21.11111111111111
10578,29980,201707151800,68.0,72.0,62.0,20.0
10579,29980,201707151900,64.0,,,17.77777777777778
10580,29980,201707152000,60.0,,,15.555555555555555
10581,29980,201707152100,58.0,,,14.444444444444445
10582,29980,201707152200,56.0,,,13.333333333333332
10583,29980,201707152300,55.0,,,12.777777777777777
10584,29980,201707160000,54.0,,,12.222222222222221
10585,29980,201707160100,55.0,,,12.777777777777777
10586,29980,201707160200,52.0,,,11.11111111111111
10587,29980,201707160300,56.0,,,13.333333333333332
10588,29980,201707160400,58.0,,,14.444444444444445
10589,29980,201707160500,62.0,,,16.666666666666668
10590,29980,201707160600,65.0,68.0,52.0,18.333333333333332
10591,29980,201707160700,68.0,,,20.0
10592,29980,201707160800,70.0,,,21.11111111111111
10593,29980,201707160900,71.0,,,21.666666666666668
10594,29980,201707161000,69.0,,,20.555555555555554
10595,29980,201707161100,70.0,,,21.11111111111111
10596,29980,201707161200,73.0,,,22.77777777777778
10597,29980,201707161300,73.0,,,22.77777777777778
10598,29980,201707161400,73.0,,,22.77777777777778
10599,29980,201707161500,72.0,,,22.22222222222222
10600,29980,201707161600,70.0,,,21.11111111111111
10601,29980,201707161700,68.0,,,20.0
10602,29980,201707161800,66.0,73.0,65.0,18.88888888888889
10603,29980,201707161900,64.0,,,17.77777777777778
10604,29980,201707162000,61.0,,,16.11111111111111
10605,29980,201707162100,59.0,,,15.0
10606,29980,201707162200,57.0,,,13.88888888888889
10607,29980,201707162300,56.0,,,13.333333333333332
10608,29980,201707170000,56.0,,,13.333333333333332
10609,29980,201707170100,56.0,,,13.333333333333332
10610,29980,201707170200,58.0,,,14.444444444444445
10611,29980,201707170300,60.0,,,15.555555555555555
10612,29980,201707170400,60.0,,,15.555555555555555
10613,29980,201707170500,60.0,,,15.555555555555555
10614,29980,201707170600,61.0,66.0,56.0,16.11111111111111
10615,29980,201707170700,60.0,,,15.555555555555555
10616,29980,201707170800,59.0,,,15.0
10617,29980,201707171000,58.0,,,14.444444444444445
10618,29980,201707171100,58.0,,,14.444444444444445
10619,29980,201707171200,60.0,,,15.555555555555555
10620,29980,201707171300,62.0,,,16.666666666666668
10621,29980,201707171400,65.0,,,18.333333333333332
10622,29980,201707171600,64.0,,,17.77777777777778
10623,29980,201707171700,62.0,,,16.666666666666668
10624,29980,201707171800,61.0,66.0,58.0,16.11111111111111
10625,29980,201707171900,61.0,,,16.11111111111111
10626,29980,201707172000,58.0,,,14.444444444444445
10627,29980,201707172200,54.0,,,12.222222222222221
10628,29980,201707172300,53.0,,,11.666666666666666
10629,29980,201707180000,52.0,,,11.11111111111111
10630,29980,201707180100,52.0,,,11.11111111111111
10631,29980,201707180200,52.0,,,11.11111111111111
10632,29980,201707180400,55.0,,,12.777777777777777
10633,29980,201707180500,58.0,,,14.444444444444445
10634,29980,201707180600,60.0,62.0,52.0,15.555555555555555
10635,29980,201707180700,62.0,,,16.666666666666668
10636,29980,201707180800,65.0,,,18.333333333333332
10637,29980,201707181000,65.0,,,18.333333333333332
10638,29980,201707181100,66.0,,,18.88888888888889
10639,29980,201707181200,60.0,,,15.555555555555555
10640,29980,201707181300,59.0,,,15.0
10641,29980,201707181400,61.0,,,16.11111111111111
10642,29980,201707181600,66.0,,,18.88888888888889
10643,29980,201707181700,64.0,,,17.77777777777778
10644,29980,201707181800,62.0,68.0,55.0,16.666666666666668
10645,29980,201707181900,60.0,,,15.555555555555555
10646,29980,201707182000,58.0,,,14.444444444444445
10647,29980,201707182200,54.0,,,12.222222222222221
10648,29980,201707182300,53.0,,,11.666666666666666
10649,29980,201707190000,51.0,,,10.555555555555555
10650,29980,201707190100,51.0,,,10.555555555555555
10651,29980,201707190200,50.0,,,10.0
10652,29980,201707190400,54.0,,,12.222222222222221
10653,29980,201707190500,56.0,,,13.333333333333332
10654,29980,201707190600,58.0,62.0,50.0,14.444444444444445
10655,29980,201707190700,59.0,,,15.0
10656,29980,201707190800,61.0,,,16.11111111111111
10657,29980,201707191000,55.0,,,12.777777777777777
10658,29980,201707191100,57.0,,,13.88888888888889
10659,29980,201707191200,61.0,,,16.11111111111111
10660,29980,201707191300,60.0,,,15.555555555555555
10661,29980,201707191400,60.0,,,15.555555555555555
10662,29980,201707191600,59.0,,,15.0
10663,29980,201707191700,58.0,,,14.444444444444445
10664,29980,201707191800,58.0,62.0,55.0,14.444444444444445
10665,29980,201707191900,57.0,,,13.88888888888889
10666,29980,201707192000,56.0,,,13.333333333333332
10667,29980,201707192200,55.0,,,12.777777777777777
10668,29980,201707192300,55.0,,,12.777777777777777
10669,29980,201707200000,55.0,,,12.777777777777777
10670,29980,201707200100,54.0,,,12.222222222222221
10671,29980,201707200200,54.0,,,12.222222222222221
10672,29980,201707200300,54.0,,,12.222222222222221
10673,29980,201707200400,55.0,,,12.777777777777777
10674,29980,201707200500,56.0,,,13.333333333333332
10675,29980,201707200600,57.0,58.0,54.0,13.88888888888889
10676,29980,201707200700,58.0,,,14.444444444444445
10677,29980,201707200800,59.0,,,15.0
10678,29980,201707200900,60.0,,,15.555555555555555
10679,29980,201707201000,60.0,,,15.555555555555555
10680,29980,201707201100,57.0,,,13.88888888888889
10681,29980,201707201200,61.0,,,16.11111111111111
10682,29980,201707201300,63.0,,,17.22222222222222
10683,29980,201707201400,64.0,,,17.77777777777778
10684,29980,201707201500,62.0,,,16.666666666666668
10685,29980,201707201600,63.0,,,17.22222222222222
10686,29980,201707201700,61.0,,,16.11111111111111
10687,29980,201707201800,61.0,67.0,56.0,16.11111111111111
10688,29980,201707201900,57.0,,,13.88888888888889
10689,29980,201707202000,58.0,,,14.444444444444445
10690,29980,201707202100,58.0,,,14.444444444444445
10691,29980,201707202200,57.0,,,13.88888888888889
10692,29980,201707202300,53.0,,,11.666666666666666
10693,29980,201707210000,51.0,,,10.555555555555555
10694,29980,201707210100,51.0,,,10.555555555555555
10695,29980,201707210200,49.0,,,9.444444444444445
10696,29980,201707210300,53.0,,,11.666666666666666
10697,29980,201707210400,56.0,,,13.333333333333332
10698,29980,201707210500,59.0,,,15.0
10699,29980,201707210600,61.0,61.0,49.0,16.11111111111111
10700,29980,201707210700,63.0,,,17.22222222222222
10701,29980,201707210800,62.0,,,16.666666666666668
10702,29980,201707210900,64.0,,,17.77777777777778
10703,29980,201707211000,64.0,,,17.77777777777778
10704,29980,201707211100,65.0,,,18.333333333333332
10705,29980,201707211200,67.0,,,19.444444444444443
10706,29980,201707211300,69.0,,,20.555555555555554
10707,29980,201707211400,70.0,,,21.11111111111111
10708,29980,201707211500,69.0,,,20.555555555555554
10709,29980,201707211600,69.0,,,20.555555555555554
10710,29980,201707211700,65.0,,,18.333333333333332
10711,29980,201707211800,64.0,70.0,60.0,17.77777777777778
10712,29980,201707211900,62.0,,,16.666666666666668
10713,29980,201707212000,59.0,,,15.0
10714,29980,201707212100,55.0,,,12.777777777777777
10715,29980,201707212200,55.0,,,12.777777777777777
10716,29980,201707212300,57.0,,,13.88888888888889
10717,29980,201707220000,55.0,,,12.777777777777777
10718,29980,201707220100,51.0,,,10.555555555555555
10719,29980,201707220200,50.0,,,10.0
10720,29980,201707220300,52.0,,,11.11111111111111
10721,29980,201707220400,56.0,,,13.333333333333332
10722,29980,201707220500,60.0,,,15.555555555555555
10723,29980,201707220600,63.0,64.0,50.0,17.22222222222222
10724,29980,201707220700,64.0,,,17.77777777777778
10725,29980,201707220800,64.0,,,17.77777777777778
10726,29980,201707220900,67.0,,,19.444444444444443
10727,29980,201707221000,67.0,,,19.444444444444443
10728,29980,201707221100,67.0,,,19.444444444444443
10729,29980,201707221200,65.0,,,18.333333333333332
10730,29980,201707221300,66.0,,,18.88888888888889
10731,29980,201707221400,61.0,,,16.11111111111111
10732,29980,201707221500,61.0,,,16.11111111111111
10733,29980,201707221600,66.0,,,18.88888888888889
10734,29980,201707221700,64.0,,,17.77777777777778
10735,29980,201707221800,61.0,70.0,58.0,16.11111111111111
10736,29980,201707221900,59.0,,,15.0
10737,29980,201707222000,57.0,,,13.88888888888889
10738,29980,201707222100,56.0,,,13.333333333333332
10739,29980,201707222200,54.0,,,12.222222222222221
10740,29980,201707222300,55.0,,,12.777777777777777
10741,29980,201707230000,55.0,,,12.777777777777777
10742,29980,201707230100,53.0,,,11.666666666666666
10743,29980,201707230200,51.0,,,10.555555555555555
10744,29980,201707230300,54.0,,,12.222222222222221
10745,29980,201707230400,57.0,,,13.88888888888889
10746,29980,201707230500,61.0,,,16.11111111111111
10747,29980,201707230600,64.0,64.0,51.0,17.77777777777778
10748,29980,201707230700,65.0,,,18.333333333333332
10749,29980,201707230800,67.0,,,19.444444444444443
10750,29980,201707230900,67.0,,,19.444444444444443
10751,29980,201707231000,69.0,,,20.555555555555554
10752,29980,201707231100,66.0,,,18.88888888888889
10753,29980,201707231200,66.0,,,18.88888888888889
10754,29980,201707231300,68.0,,,20.0
10755,29980,201707231400,71.0,,,21.666666666666668
10756,29980,201707231500,68.0,,,20.0
10757,29980,201707231600,69.0,,,20.555555555555554
10758,29980,201707231700,65.0,,,18.333333333333332
10759,29980,201707231800,66.0,71.0,64.0,18.88888888888889
10760,29980,201707231900,63.0,,,17.22222222222222
10761,29980,201707232000,60.0,,,15.555555555555555
10762,29980,201707232100,59.0,,,15.0
10763,29980,201707232200,57.0,,,13.88888888888889
10764,29980,201707232300,56.0,,,13.333333333333332
10765,29980,201707240000,56.0,,,13.333333333333332
10766,29980,201707240100,55.0,,,12.777777777777777
10767,29980,201707240200,52.0,,,11.11111111111111
10768,29980,201707240300,54.0,,,12.222222222222221
10769,29980,201707240400,58.0,,,14.444444444444445
10770,29980,201707240500,60.0,,,15.555555555555555
10771,29980,201707240600,63.0,66.0,52.0,17.22222222222222
10772,29980,201707240700,63.0,,,17.22222222222222
10773,29980,201707240800,64.0,,,17.77777777777778
10774,29980,201707240900,63.0,,,17.22222222222222
10775,29980,201707241000,62.0,,,16.666666666666668
10776,29980,201707241100,62.0,,,16.666666666666668
10777,29980,201707241200,62.0,,,16.666666666666668
10778,29980,201707241300,62.0,,,16.666666666666668
10779,29980,201707241400,62.0,,,16.666666666666668
10780,29980,201707241500,63.0,,,17.22222222222222
10781,29980,201707241600,62.0,,,16.666666666666668
10782,29980,201707241700,62.0,,,16.666666666666668
10783,29980,201707241800,61.0,65.0,61.0,16.11111111111111
10784,29980,201707241900,61.0,,,16.11111111111111
10785,29980,201707242000,60.0,,,15.555555555555555
10786,29980,201707242100,60.0,,,15.555555555555555
10787,29980,201707242200,60.0,,,15.555555555555555
10788,29980,201707242300,58.0,,,14.444444444444445
10789,29980,201707250000,56.0,,,13.333333333333332
10790,29980,201707250100,56.0,,,13.333333333333332
10791,29980,201707250200,58.0,,,14.444444444444445
10792,29980,201707250300,58.0,,,14.444444444444445
10793,29980,201707250400,59.0,,,15.0
10794,29980,201707250500,60.0,,,15.555555555555555
10795,29980,201707250600,63.0,,56.0,17.22222222222222
10796,29980,201707250700,65.0,,,18.333333333333332
10797,29980,201707250800,64.0,,,17.77777777777778
10798,29980,201707250900,64.0,,,17.77777777777778
10799,29980,201707251000,64.0,,,17.77777777777778
10800,29980,201707251100,66.0,,,18.88888888888889
10801,29980,201707251200,62.0,,,16.666666666666668
10802,29980,201707251300,64.0,,,17.77777777777778
10803,29980,201707251400,64.0,,,17.77777777777778
10804,29980,201707251500,64.0,,,17.77777777777778
10805,29980,201707251600,64.0,,,17.77777777777778
10806,29980,201707251700,64.0,,,17.77777777777778
10807,29980,201707251800,62.0,69.0,62.0,16.666666666666668
10808,29980,201707251900,62.0,,,16.666666666666668
10809,29980,201707252000,60.0,,,15.555555555555555
10810,29980,201707252100,58.0,,,14.444444444444445
10811,29980,201707252200,57.0,,,13.88888888888889
10812,29980,201707252300,55.0,,,12.777777777777777
10813,29980,201707260000,56.0,,,13.333333333333332
10814,29980,201707260100,55.0,,,12.777777777777777
10815,29980,201707260200,55.0,,,12.777777777777777
10816,29980,201707260300,55.0,,,12.777777777777777
10817,29980,201707260400,56.0,,,13.333333333333332
10818,29980,201707260500,59.0,,,15.0
10819,29980,201707260600,62.0,62.0,54.0,16.666666666666668
10820,29980,201707260700,64.0,,,17.77777777777778
10821,29980,201707260800,66.0,,,18.88888888888889
10822,29980,201707260900,67.0,,,19.444444444444443
10823,29980,201707261000,68.0,,,20.0
10824,29980,201707261100,67.0,,,19.444444444444443
10825,29980,201707261200,67.0,,,19.444444444444443
10826,29980,201707261300,68.0,,,20.0
10827,29980,201707261400,72.0,,,22.22222222222222
10828,29980,201707261500,70.0,,,21.11111111111111
10829,29980,201707261600,69.0,,,20.555555555555554
10830,29980,201707261700,66.0,,,18.88888888888889
10831,29980,201707261800,65.0,73.0,62.0,18.333333333333332
10832,29980,201707261900,62.0,,,16.666666666666668
10833,29980,201707262000,62.0,,,16.666666666666668
10834,29980,201707262100,61.0,,,16.11111111111111
10835,29980,201707262200,59.0,,,15.0
10836,29980,201707262300,59.0,,,15.0
10837,29980,201707270000,59.0,,,15.0
10838,29980,201707270100,58.0,,,14.444444444444445
10839,29980,201707270200,58.0,,,14.444444444444445
10840,29980,201707270300,60.0,,,15.555555555555555
10841,29980,201707270400,61.0,,,16.11111111111111
10842,29980,201707270500,63.0,,,17.22222222222222
10843,29980,201707270600,66.0,66.0,57.0,18.88888888888889
10844,29980,201707270700,69.0,,,20.555555555555554
10845,29980,201707270800,71.0,,,21.666666666666668
10846,29980,201707270900,72.0,,,22.22222222222222
10847,29980,201707271000,72.0,,,22.22222222222222
10848,29980,201707271100,71.0,,,21.666666666666668
10849,29980,201707271200,70.0,,,21.11111111111111
10850,29980,201707271300,70.0,,,21.11111111111111
10851,29980,201707271400,70.0,,,21.11111111111111
10852,29980,201707271500,69.0,,,20.555555555555554
10853,29980,201707271600,69.0,,,20.555555555555554
10854,29980,201707271700,68.0,,,20.0
10855,29980,201707271800,67.0,74.0,66.0,19.444444444444443
10856,29980,201707271900,66.0,,,18.88888888888889
10857,29980,201707272000,66.0,,,18.88888888888889
10858,29980,201707272100,66.0,,,18.88888888888889
10859,29980,201707272200,65.0,,,18.333333333333332
10860,29980,201707272300,65.0,,,18.333333333333332
10861,29980,201707280000,65.0,,,18.333333333333332
10862,29980,201707280100,63.0,,,17.22222222222222
10863,29980,201707280200,63.0,,,17.22222222222222
10864,29980,201707280300,64.0,,,17.77777777777778
10865,29980,201707280400,65.0,,,18.333333333333332
10866,29980,201707280500,65.0,,,18.333333333333332
10867,29980,201707280600,67.0,67.0,63.0,19.444444444444443
10868,29980,201707280700,67.0,,,19.444444444444443
10869,29980,201707280800,70.0,,,21.11111111111111
10870,29980,201707280900,72.0,,,22.22222222222222
10871,29980,201707281000,73.0,,,22.77777777777778
10872,29980,201707281100,74.0,,,23.333333333333332
10873,29980,201707281200,72.0,,,22.22222222222222
10874,29980,201707281300,75.0,,,23.88888888888889
10875,29980,201707281400,71.0,,,21.666666666666668
10876,29980,201707281500,67.0,,,19.444444444444443
10877,29980,201707281600,64.0,,,17.77777777777778
10878,29980,201707281700,62.0,,,16.666666666666668
10879,29980,201707281800,63.0,76.0,62.0,17.22222222222222
10880,29980,201707281900,63.0,,,17.22222222222222
10881,29980,201707282000,63.0,,,17.22222222222222
10882,29980,201707282100,62.0,,,16.666666666666668
10883,29980,201707282200,61.0,,,16.11111111111111
10884,29980,201707282300,62.0,,,16.666666666666668
10885,29980,201707290000,61.0,,,16.11111111111111
10886,29980,201707290100,61.0,,,16.11111111111111
10887,29980,201707290200,61.0,,,16.11111111111111
10888,29980,201707290300,62.0,,,16.666666666666668
10889,29980,201707290400,62.0,,,16.666666666666668
10890,29980,201707290500,63.0,,,17.22222222222222
10891,29980,201707290600,64.0,64.0,60.0,17.77777777777778
10892,29980,201707290700,65.0,,,18.333333333333332
10893,29980,201707290800,65.0,,,18.333333333333332
10894,29980,201707290900,65.0,,,18.333333333333332
10895,29980,201707291000,65.0,,,18.333333333333332
10896,29980,201707291100,66.0,,,18.88888888888889
10897,29980,201707291200,67.0,,,19.444444444444443
10898,29980,201707291300,67.0,,,19.444444444444443
10899,29980,201707291400,70.0,,,21.11111111111111
10900,29980,201707291500,70.0,,,21.11111111111111
10901,29980,201707291600,70.0,,,21.11111111111111
10902,29980,201707291700,67.0,,,19.444444444444443
10903,29980,201707291800,64.0,71.0,64.0,17.77777777777778
10904,29980,201707291900,63.0,,,17.22222222222222
10905,29980,201707292000,62.0,,,16.666666666666668
10906,29980,201707292100,61.0,,,16.11111111111111
10907,29980,201707292200,60.0,,,15.555555555555555
10908,29980,201707292300,60.0,,,15.555555555555555
10909,29980,201707300000,58.0,,,14.444444444444445
10910,29980,201707300100,58.0,,,14.444444444444445
10911,29980,201707300200,57.0,,,13.88888888888889
10912,29980,201707300300,58.0,,,14.444444444444445
10913,29980,201707300400,60.0,,,15.555555555555555
10914,29980,201707300500,62.0,,,16.666666666666668
10915,29980,201707300600,65.0,65.0,56.0,18.333333333333332
10916,29980,201707300700,67.0,,,19.444444444444443
10917,29980,201707300800,68.0,,,20.0
10918,29980,201707300900,69.0,,,20.555555555555554
10919,29980,201707301000,70.0,,,21.11111111111111
10920,29980,201707301100,71.0,,,21.666666666666668
10921,29980,201707301200,72.0,,,22.22222222222222
10922,29980,201707301300,72.0,,,22.22222222222222
10923,29980,201707301400,73.0,,,22.77777777777778
10924,29980,201707301500,71.0,,,21.666666666666668
10925,29980,201707301600,69.0,,,20.555555555555554
10926,29980,201707301700,67.0,,,19.444444444444443
10927,29980,201707301800,65.0,73.0,64.0,18.333333333333332
10928,29980,201707301900,63.0,,,17.22222222222222
10929,29980,201707302000,63.0,,,17.22222222222222
10930,29980,201707302100,61.0,,,16.11111111111111
10931,29980,201707302200,60.0,,,15.555555555555555
10932,29980,201707302300,59.0,,,15.0
10933,29980,201707310000,60.0,,,15.555555555555555
10934,29980,201707310100,61.0,,,16.11111111111111
10935,29980,201707310200,62.0,,,16.666666666666668
10936,29980,201707310300,61.0,,,16.11111111111111
10937,29980,201707310400,62.0,,,16.666666666666668
10938,29980,201707310500,62.0,,,16.666666666666668
10939,29980,201707310600,63.0,65.0,59.0,17.22222222222222
10940,29980,201707310700,66.0,,,18.88888888888889
10941,29980,201707310800,65.0,,,18.333333333333332
10942,29980,201707310900,64.0,,,17.77777777777778
10943,29980,201707311000,65.0,,,18.333333333333332
10944,29980,201707311100,66.0,,,18.88888888888889
10945,29980,201707311200,66.0,,,18.88888888888889
10946,29980,201707311300,67.0,,,19.444444444444443
10947,29980,201707311400,72.0,,,22.22222222222222
10948,29980,201707311500,71.0,,,21.666666666666668
10949,29980,201707311600,70.0,,,21.11111111111111
10950,29980,201707311700,68.0,,,20.0
10951,29980,201707311800,65.0,72.0,63.0,18.333333333333332
10952,29980,201707311900,64.0,,,17.77777777777778
10953,29980,201707312000,62.0,,,16.666666666666668
10954,29980,201707312100,61.0,,,16.11111111111111
10955,29980,201707312200,61.0,,,16.11111111111111
10956,29980,201707312300,61.0,,,16.11111111111111
10957,29980,201708010000,61.0,,,16.11111111111111
10958,29980,201708010100,60.0,,,15.555555555555555
10959,29980,201708010200,60.0,,,15.555555555555555
10960,29980,201708010300,61.0,,,16.11111111111111
10961,29980,201708010400,64.0,,,17.77777777777778
10962,29980,201708010500,66.0,,,18.88888888888889
10963,29980,201708010600,69.0,69.0,60.0,20.555555555555554
10964,29980,201708010700,70.0,,,21.11111111111111
10965,29980,201708010800,70.0,,,21.11111111111111
10966,29980,201708010900,71.0,,,21.666666666666668
10967,29980,201708011000,73.0,,,22.77777777777778
10968,29980,201708011100,73.0,,,22.77777777777778
10969,29980,201708011200,72.0,,,22.22222222222222
10970,29980,201708011300,72.0,,,22.22222222222222
10971,29980,201708011400,71.0,,,21.666666666666668
10972,29980,201708011500,67.0,,,19.444444444444443
10973,29980,201708011600,67.0,,,19.444444444444443
10974,29980,201708011700,66.0,,,18.88888888888889
10975,29980,201708011800,65.0,74.0,65.0,18.333333333333332
10976,29980,201708011900,63.0,,,17.22222222222222
10977,29980,201708012000,64.0,,,17.77777777777778
10978,29980,201708012100,63.0,,,17.22222222222222
10979,29980,201708012200,63.0,,,17.22222222222222
10980,29980,201708012300,63.0,,,17.22222222222222
10981,29980,201708020000,64.0,,,17.77777777777778
10982,29980,201708020100,64.0,,,17.77777777777778
10983,29980,201708020200,63.0,,,17.22222222222222
10984,29980,201708020300,62.0,,,16.666666666666668
10985,29980,201708020400,61.0,,,16.11111111111111
10986,29980,201708020500,60.0,,,15.555555555555555
10987,29980,201708020600,61.0,65.0,60.0,16.11111111111111
10988,29980,201708020700,61.0,,,16.11111111111111
10989,29980,201708020800,61.0,,,16.11111111111111
10990,29980,201708020900,61.0,,,16.11111111111111
10991,29980,201708021000,64.0,,,17.77777777777778
10992,29980,201708021100,67.0,,,19.444444444444443
10993,29980,201708021200,66.0,,,18.88888888888889
10994,29980,201708021300,69.0,,,20.555555555555554
10995,29980,201708021400,69.0,,,20.555555555555554
10996,29980,201708021500,67.0,,,19.444444444444443
10997,29980,201708021600,69.0,,,20.555555555555554
10998,29980,201708021700,68.0,,,20.0
10999,29980,201708021800,66.0,71.0,61.0,18.88888888888889
11000,29980,201708021900,64.0,,,17.77777777777778
11001,29980,201708022000,63.0,,,17.22222222222222
11002,29980,201708022100,62.0,,,16.666666666666668
11003,29980,201708022200,62.0,,,16.666666666666668
11004,29980,201708022300,61.0,,,16.11111111111111
11005,29980,201708030000,62.0,,,16.666666666666668
11006,29980,201708030100,61.0,,,16.11111111111111
11007,29980,201708030200,60.0,,,15.555555555555555
11008,29980,201708030300,61.0,,,16.11111111111111
11009,29980,201708030400,62.0,,,16.666666666666668
11010,29980,201708030500,64.0,,,17.77777777777778
11011,29980,201708030600,65.0,66.0,60.0,18.333333333333332
11012,29980,201708030700,68.0,,,20.0
11013,29980,201708030800,67.0,,,19.444444444444443
11014,29980,201708030900,67.0,,,19.444444444444443
11015,29980,201708031000,68.0,,,20.0
11016,29980,201708031100,68.0,,,20.0
11017,29980,201708031200,71.0,,,21.666666666666668
11018,29980,201708031300,71.0,,,21.666666666666668
11019,29980,201708031400,70.0,,,21.11111111111111
11020,29980,201708031500,69.0,,,20.555555555555554
11021,29980,201708031600,68.0,,,20.0
11022,29980,201708031700,66.0,,,18.88888888888889
11023,29980,201708031800,62.0,72.0,62.0,16.666666666666668
11024,29980,201708031900,61.0,,,16.11111111111111
11025,29980,201708032000,60.0,,,15.555555555555555
11026,29980,201708032100,60.0,,,15.555555555555555
11027,29980,201708032200,61.0,,,16.11111111111111
11028,29980,201708032300,61.0,,,16.11111111111111
11029,29980,201708040000,61.0,,,16.11111111111111
11030,29980,201708040100,61.0,,,16.11111111111111
11031,29980,201708040200,60.0,,,15.555555555555555
11032,29980,201708040300,59.0,,,15.0
11033,29980,201708040400,59.0,,,15.0
11034,29980,201708040500,58.0,,,14.444444444444445
11035,29980,201708040600,58.0,62.0,58.0,14.444444444444445
11036,29980,201708040700,58.0,,,14.444444444444445
11037,29980,201708040800,59.0,,,15.0
11038,29980,201708040900,61.0,,,16.11111111111111
11039,29980,201708041000,62.0,,,16.666666666666668
11040,29980,201708041100,63.0,,,17.22222222222222
11041,29980,201708041200,66.0,,,18.88888888888889
11042,29980,201708041300,68.0,,,20.0
11043,29980,201708041400,68.0,,,20.0
11044,29980,201708041500,66.0,,,18.88888888888889
11045,29980,201708041600,65.0,,,18.333333333333332
11046,29980,201708041700,64.0,,,17.77777777777778
11047,29980,201708041800,63.0,69.0,58.0,17.22222222222222
11048,29980,201708041900,61.0,,,16.11111111111111
11049,29980,201708042000,61.0,,,16.11111111111111
11050,29980,201708042100,61.0,,,16.11111111111111
11051,29980,201708042200,59.0,,,15.0
11052,29980,201708042300,60.0,,,15.555555555555555
11053,29980,201708050000,60.0,,,15.555555555555555
11054,29980,201708050100,60.0,,,15.555555555555555
11055,29980,201708050200,59.0,,,15.0
11056,29980,201708050300,60.0,,,15.555555555555555
11057,29980,201708050400,60.0,,,15.555555555555555
11058,29980,201708050500,63.0,,,17.22222222222222
11059,29980,201708050600,64.0,64.0,59.0,17.77777777777778
11060,29980,201708050700,65.0,,,18.333333333333332
11061,29980,201708050800,65.0,,,18.333333333333332
11062,29980,201708050900,61.0,,,16.11111111111111
11063,29980,201708051000,65.0,,,18.333333333333332
11064,29980,201708051100,67.0,,,19.444444444444443
11065,29980,201708051200,67.0,,,19.444444444444443
11066,29980,201708051300,67.0,,,19.444444444444443
11067,29980,201708051400,67.0,,,19.444444444444443
11068,29980,201708051500,67.0,,,19.444444444444443
11069,29980,201708051600,64.0,,,17.77777777777778
11070,29980,201708051700,63.0,,,17.22222222222222
11071,29980,201708051800,62.0,68.0,61.0,16.666666666666668
11072,29980,201708051900,61.0,,,16.11111111111111
11073,29980,201708052000,62.0,,,16.666666666666668
11074,29980,201708052100,60.0,,,15.555555555555555
11075,29980,201708052200,59.0,,,15.0
11076,29980,201708052300,58.0,,,14.444444444444445
11077,29980,201708060000,60.0,,,15.555555555555555
11078,29980,201708060100,60.0,,,15.555555555555555
11079,29980,201708060200,60.0,,,15.555555555555555
11080,29980,201708060300,60.0,,,15.555555555555555
11081,29980,201708060400,60.0,,,15.555555555555555
11082,29980,201708060500,61.0,,,16.11111111111111
11083,29980,201708060600,63.0,63.0,59.0,17.22222222222222
11084,29980,201708060700,64.0,,,17.77777777777778
11085,29980,201708060800,64.0,,,17.77777777777778
11086,29980,201708060900,62.0,,,16.666666666666668
11087,29980,201708061000,67.0,,,19.444444444444443
11088,29980,201708061100,67.0,,,19.444444444444443
11089,29980,201708061200,67.0,,,19.444444444444443
11090,29980,201708061300,66.0,,,18.88888888888889
11091,29980,201708061400,59.0,,,15.0
11092,29980,201708061500,60.0,,,15.555555555555555
11093,29980,201708061600,60.0,,,15.555555555555555
11094,29980,201708061700,59.0,,,15.0
11095,29980,201708061800,58.0,69.0,58.0,14.444444444444445
11096,29980,201708061900,58.0,,,14.444444444444445
11097,29980,201708062000,58.0,,,14.444444444444445
11098,29980,201708062100,57.0,,,13.88888888888889
11099,29980,201708062200,58.0,,,14.444444444444445
11100,29980,201708062300,57.0,,,13.88888888888889
11101,29980,201708070000,57.0,,,13.88888888888889
11102,29980,201708070100,57.0,,,13.88888888888889
11103,29980,201708070200,57.0,,,13.88888888888889
11104,29980,201708070300,58.0,,,14.444444444444445
11105,29980,201708070400,58.0,,,14.444444444444445
11106,29980,201708070500,59.0,,,15.0
11107,29980,201708070600,60.0,60.0,57.0,15.555555555555555
11108,29980,201708070700,61.0,,,16.11111111111111
11109,29980,201708070800,64.0,,,17.77777777777778
11110,29980,201708070900,62.0,,,16.666666666666668
11111,29980,201708071000,63.0,,,17.22222222222222
11112,29980,201708071100,64.0,,,17.77777777777778
11113,29980,201708071200,63.0,,,17.22222222222222
11114,29980,201708071300,60.0,,,15.555555555555555
11115,29980,201708071400,64.0,,,17.77777777777778
11116,29980,201708071500,61.0,,,16.11111111111111
11117,29980,201708071600,63.0,,,17.22222222222222
11118,29980,201708071700,60.0,,,15.555555555555555
11119,29980,201708071800,58.0,66.0,58.0,14.444444444444445
11120,29980,201708071900,55.0,,,12.777777777777777
11121,29980,201708072000,56.0,,,13.333333333333332
11122,29980,201708072100,57.0,,,13.88888888888889
11123,29980,201708072200,56.0,,,13.333333333333332
11124,29980,201708072300,55.0,,,12.777777777777777
11125,29980,201708080000,55.0,,,12.777777777777777
11126,29980,201708080100,55.0,,,12.777777777777777
11127,29980,201708080400,59.0,,,15.0
11128,29980,201708080500,61.0,,,16.11111111111111
11129,29980,201708080600,63.0,63.0,53.0,17.22222222222222
11130,29980,201708080700,66.0,,,18.88888888888889
11131,29980,201708080800,68.0,,,20.0
11132,29980,201708080900,69.0,,,20.555555555555554
11133,29980,201708081000,68.0,,,20.0
11134,29980,201708081100,71.0,,,21.666666666666668
11135,29980,201708081200,71.0,,,21.666666666666668
11136,29980,201708081300,71.0,,,21.666666666666668
11137,29980,201708081400,70.0,,,21.11111111111111
11138,29980,201708081500,69.0,,,20.555555555555554
11139,29980,201708081600,67.0,,,19.444444444444443
11140,29980,201708081700,65.0,,,18.333333333333332
11141,29980,201708081800,63.0,71.0,62.0,17.22222222222222
11142,29980,201708081900,61.0,,,16.11111111111111
11143,29980,201708082000,60.0,,,15.555555555555555
11144,29980,201708082100,59.0,,,15.0
11145,29980,201708082200,58.0,,,14.444444444444445
11146,29980,201708082300,57.0,,,13.88888888888889
11147,29980,201708090000,57.0,,,13.88888888888889
11148,29980,201708090100,57.0,,,13.88888888888889
11149,29980,201708090200,57.0,,,13.88888888888889
11150,29980,201708090300,57.0,,,13.88888888888889
11151,29980,201708090400,58.0,,,14.444444444444445
11152,29980,201708090500,62.0,,,16.666666666666668
11153,29980,201708090600,64.0,64.0,56.0,17.77777777777778
11154,29980,201708090700,67.0,,,19.444444444444443
11155,29980,201708090800,67.0,,,19.444444444444443
11156,29980,201708090900,70.0,,,21.11111111111111
11157,29980,201708091000,68.0,,,20.0
11158,29980,201708091100,71.0,,,21.666666666666668
11159,29980,201708091200,71.0,,,21.666666666666668
11160,29980,201708091300,71.0,,,21.666666666666668
11161,29980,201708091400,72.0,,,22.22222222222222
11162,29980,201708091500,69.0,,,20.555555555555554
11163,29980,201708091600,68.0,,,20.0
11164,29980,201708091700,67.0,,,19.444444444444443
11165,29980,201708091800,65.0,72.0,64.0,18.333333333333332
11166,29980,201708091900,64.0,,,17.77777777777778
11167,29980,201708092000,64.0,,,17.77777777777778
11168,29980,201708092100,66.0,,,18.88888888888889
11169,29980,201708092200,67.0,,,19.444444444444443
11170,29980,201708092300,66.0,,,18.88888888888889
11171,29980,201708100000,65.0,,,18.333333333333332
11172,29980,201708100100,64.0,,,17.77777777777778
11173,29980,201708100200,64.0,,,17.77777777777778
11174,29980,201708100300,64.0,,,17.77777777777778
11175,29980,201708100400,64.0,,,17.77777777777778
11176,29980,201708100500,65.0,,,18.333333333333332
11177,29980,201708100600,64.0,67.0,63.0,17.77777777777778
11178,29980,201708100700,65.0,,,18.333333333333332
11179,29980,201708100800,65.0,,,18.333333333333332
11180,29980,201708100900,67.0,,,19.444444444444443
11181,29980,201708101000,68.0,,,20.0
11182,29980,201708101100,70.0,,,21.11111111111111
11183,29980,201708101200,72.0,,,22.22222222222222
11184,29980,201708101300,71.0,,,21.666666666666668
11185,29980,201708101400,70.0,,,21.11111111111111
11186,29980,201708101500,70.0,,,21.11111111111111
11187,29980,201708101600,67.0,,,19.444444444444443
11188,29980,201708101700,65.0,,,18.333333333333332
11189,29980,201708101800,63.0,72.0,63.0,17.22222222222222
11190,29980,201708101900,62.0,,,16.666666666666668
11191,29980,201708102000,61.0,,,16.11111111111111
11192,29980,201708102100,60.0,,,15.555555555555555
11193,29980,201708102200,61.0,,,16.11111111111111
11194,29980,201708102300,60.0,,,15.555555555555555
11195,29980,201708110000,59.0,,,15.0
11196,29980,201708110100,58.0,,,14.444444444444445
11197,29980,201708110200,57.0,,,13.88888888888889
11198,29980,201708110300,58.0,,,14.444444444444445
11199,29980,201708110400,58.0,,,14.444444444444445
11200,29980,201708110500,62.0,,,16.666666666666668
11201,29980,201708110600,65.0,65.0,57.0,18.333333333333332
11202,29980,201708110700,64.0,,,17.77777777777778
11203,29980,201708110800,68.0,,,20.0
11204,29980,201708110900,68.0,,,20.0
11205,29980,201708111000,69.0,,,20.555555555555554
11206,29980,201708111100,70.0,,,21.11111111111111
11207,29980,201708111200,71.0,,,21.666666666666668
11208,29980,201708111300,71.0,,,21.666666666666668
11209,29980,201708111400,72.0,,,22.22222222222222
11210,29980,201708111500,71.0,,,21.666666666666668
11211,29980,201708111600,69.0,,,20.555555555555554
11212,29980,201708111700,67.0,,,19.444444444444443
11213,29980,201708111800,64.0,72.0,63.0,17.77777777777778
11214,29980,201708111900,63.0,,,17.22222222222222
11215,29980,201708112000,61.0,,,16.11111111111111
11216,29980,201708112100,60.0,,,15.555555555555555
11217,29980,201708112200,61.0,,,16.11111111111111
11218,29980,201708112300,61.0,,,16.11111111111111
11219,29980,201708120000,63.0,,,17.22222222222222
11220,29980,201708120100,63.0,,,17.22222222222222
11221,29980,201708120200,62.0,,,16.666666666666668
11222,29980,201708120300,60.0,,,15.555555555555555
11223,29980,201708120400,64.0,,,17.77777777777778
11224,29980,201708120500,64.0,,,17.77777777777778
11225,29980,201708120600,67.0,67.0,60.0,19.444444444444443
11226,29980,201708120700,68.0,,,20.0
11227,29980,201708120800,71.0,,,21.666666666666668
11228,29980,201708120900,73.0,,,22.77777777777778
11229,29980,201708121000,73.0,,,22.77777777777778
11230,29980,201708121100,74.0,,,23.333333333333332
11231,29980,201708121200,74.0,,,23.333333333333332
11232,29980,201708121300,77.0,,,25.0
11233,29980,201708121400,74.0,,,23.333333333333332
11234,29980,201708121500,74.0,,,23.333333333333332
11235,29980,201708121600,71.0,,,21.666666666666668
11236,29980,201708121700,63.0,,,17.22222222222222
11237,29980,201708121800,64.0,77.0,62.0,17.77777777777778
11238,29980,201708121900,63.0,,,17.22222222222222
11239,29980,201708122000,64.0,,,17.77777777777778
11240,29980,201708122100,64.0,,,17.77777777777778
11241,29980,201708122200,64.0,,,17.77777777777778
11242,29980,201708122300,64.0,,,17.77777777777778
11243,29980,201708130000,63.0,,,17.22222222222222
11244,29980,201708130100,63.0,,,17.22222222222222
11245,29980,201708130200,63.0,,,17.22222222222222
11246,29980,201708130300,62.0,,,16.666666666666668
11247,29980,201708130400,62.0,,,16.666666666666668
11248,29980,201708130500,64.0,,,17.77777777777778
11249,29980,201708130600,63.0,65.0,62.0,17.22222222222222
11250,29980,201708130700,64.0,,,17.77777777777778
11251,29980,201708130800,65.0,,,18.333333333333332
11252,29980,201708130900,65.0,,,18.333333333333332
11253,29980,201708131000,65.0,,,18.333333333333332
11254,29980,201708131100,68.0,,,20.0
11255,29980,201708131200,68.0,,,20.0
11256,29980,201708131300,66.0,,,18.88888888888889
11257,29980,201708131400,69.0,,,20.555555555555554
11258,29980,201708131500,66.0,,,18.88888888888889
11259,29980,201708131600,63.0,,,17.22222222222222
11260,29980,201708131700,62.0,,,16.666666666666668
11261,29980,201708131800,61.0,70.0,61.0,16.11111111111111
11262,29980,201708131900,61.0,,,16.11111111111111
11263,29980,201708132000,59.0,,,15.0
11264,29980,201708132100,58.0,,,14.444444444444445
11265,29980,201708132200,58.0,,,14.444444444444445
11266,29980,201708132300,55.0,,,12.777777777777777
11267,29980,201708140000,55.0,,,12.777777777777777
11268,29980,201708140100,52.0,,,11.11111111111111
11269,29980,201708140200,51.0,,,10.555555555555555
11270,29980,201708140300,50.0,,,10.0
11271,29980,201708140400,53.0,,,11.666666666666666
11272,29980,201708140500,56.0,,,13.333333333333332
11273,29980,201708140600,59.0,61.0,50.0,15.0
11274,29980,201708140700,62.0,,,16.666666666666668
11275,29980,201708140800,64.0,,,17.77777777777778
11276,29980,201708140900,67.0,,,19.444444444444443
11277,29980,201708141000,67.0,,,19.444444444444443
11278,29980,201708141100,67.0,,,19.444444444444443
11279,29980,201708141200,68.0,,,20.0
11280,29980,201708141300,68.0,,,20.0
11281,29980,201708141400,69.0,,,20.555555555555554
11282,29980,201708141500,68.0,,,20.0
11283,29980,201708141600,68.0,,,20.0
11284,29980,201708141700,66.0,,,18.88888888888889
11285,29980,201708141800,64.0,70.0,60.0,17.77777777777778
11286,29980,201708141900,61.0,,,16.11111111111111
11287,29980,201708142000,60.0,,,15.555555555555555
11288,29980,201708142100,58.0,,,14.444444444444445
11289,29980,201708142200,56.0,,,13.333333333333332
11290,29980,201708142300,55.0,,,12.777777777777777
11291,29980,201708150000,55.0,,,12.777777777777777
11292,29980,201708150100,55.0,,,12.777777777777777
11293,29980,201708150200,53.0,,,11.666666666666666
11294,29980,201708150300,54.0,,,12.222222222222221
11295,29980,201708150400,57.0,,,13.88888888888889
11296,29980,201708150500,60.0,,,15.555555555555555
11297,29980,201708150600,62.0,63.0,53.0,16.666666666666668
11298,29980,201708150700,63.0,,,17.22222222222222
11299,29980,201708150800,64.0,,,17.77777777777778
11300,29980,201708150900,66.0,,,18.88888888888889
11301,29980,201708151000,66.0,,,18.88888888888889
11302,29980,201708151100,67.0,,,19.444444444444443
11303,29980,201708151300,68.0,,,20.0
11304,29980,201708151400,67.0,,,19.444444444444443
11305,29980,201708151500,68.0,,,20.0
11306,29980,201708151600,64.0,,,17.77777777777778
11307,29980,201708151700,62.0,,,16.666666666666668
11308,29980,201708152100,59.0,,,15.0
11309,29980,201708152200,56.0,,,13.333333333333332
11310,29980,201708152300,55.0,,,12.777777777777777
11311,29980,201708160000,56.0,,,13.333333333333332
11312,29980,201708160100,57.0,,,13.88888888888889
11313,29980,201708160200,56.0,,,13.333333333333332
11314,29980,201708160300,57.0,,,13.88888888888889
11315,29980,201708160400,57.0,,,13.88888888888889
11316,29980,201708160500,61.0,,,16.11111111111111
11317,29980,201708160600,63.0,63.0,54.0,17.22222222222222
11318,29980,201708160700,64.0,,,17.77777777777778
11319,29980,201708160800,64.0,,,17.77777777777778
11320,29980,201708160900,66.0,,,18.88888888888889
11321,29980,201708161000,65.0,,,18.333333333333332
11322,29980,201708161100,65.0,,,18.333333333333332
11323,29980,201708161200,67.0,,,19.444444444444443
11324,29980,201708161300,68.0,,,20.0
11325,29980,201708161400,69.0,,,20.555555555555554
11326,29980,201708161500,69.0,,,20.555555555555554
11327,29980,201708161600,67.0,,,19.444444444444443
11328,29980,201708161700,67.0,,,19.444444444444443
11329,29980,201708161800,66.0,69.0,63.0,18.88888888888889
11330,29980,201708161900,65.0,,,18.333333333333332
11331,29980,201708162000,65.0,,,18.333333333333332
11332,29980,201708162100,65.0,,,18.333333333333332
11333,29980,201708162200,65.0,,,18.333333333333332
11334,29980,201708162300,63.0,,,17.22222222222222
11335,29980,201708170000,64.0,,,17.77777777777778
11336,29980,201708170100,63.0,,,17.22222222222222
11337,29980,201708170200,63.0,,,17.22222222222222
11338,29980,201708170300,63.0,,,17.22222222222222
11339,29980,201708170400,63.0,,,17.22222222222222
11340,29980,201708170500,63.0,,,17.22222222222222
11341,29980,201708170600,64.0,66.0,62.0,17.77777777777778
11342,29980,201708170700,64.0,,,17.77777777777778
11343,29980,201708170800,65.0,,,18.333333333333332
11344,29980,201708170900,66.0,,,18.88888888888889
11345,29980,201708171000,69.0,,,20.555555555555554
11346,29980,201708171100,71.0,,,21.666666666666668
11347,29980,201708171200,72.0,,,22.22222222222222
11348,29980,201708171300,72.0,,,22.22222222222222
11349,29980,201708171400,69.0,,,20.555555555555554
11350,29980,201708171500,70.0,,,21.11111111111111
11351,29980,201708171600,70.0,,,21.11111111111111
11352,29980,201708171700,69.0,,,20.555555555555554
11353,29980,201708171800,67.0,73.0,64.0,19.444444444444443
11354,29980,201708171900,66.0,,,18.88888888888889
11355,29980,201708172000,65.0,,,18.333333333333332
11356,29980,201708172100,64.0,,,17.77777777777778
11357,29980,201708172200,65.0,,,18.333333333333332
11358,29980,201708172300,64.0,,,17.77777777777778
11359,29980,201708180000,63.0,,,17.22222222222222
11360,29980,201708180100,63.0,,,17.22222222222222
11361,29980,201708180200,62.0,,,16.666666666666668
11362,29980,201708180300,62.0,,,16.666666666666668
11363,29980,201708180400,64.0,,,17.77777777777778
11364,29980,201708180500,64.0,,,17.77777777777778
11365,29980,201708180600,65.0,68.0,61.0,18.333333333333332
11366,29980,201708180700,64.0,,,17.77777777777778
11367,29980,201708180800,65.0,,,18.333333333333332
11368,29980,201708180900,68.0,,,20.0
11369,29980,201708181000,67.0,,,19.444444444444443
11370,29980,201708181100,67.0,,,19.444444444444443
11371,29980,201708181200,68.0,,,20.0
11372,29980,201708181300,67.0,,,19.444444444444443
11373,29980,201708181400,67.0,,,19.444444444444443
11374,29980,201708181500,67.0,,,19.444444444444443
11375,29980,201708181600,66.0,,,18.88888888888889
11376,29980,201708181700,64.0,,,17.77777777777778
11377,29980,201708181800,62.0,70.0,62.0,16.666666666666668
11378,29980,201708181900,61.0,,,16.11111111111111
11379,29980,201708182000,61.0,,,16.11111111111111
11380,29980,201708182100,62.0,,,16.666666666666668
11381,29980,201708182200,63.0,,,17.22222222222222
11382,29980,201708182300,64.0,,,17.77777777777778
11383,29980,201708190000,64.0,,,17.77777777777778
11384,29980,201708190100,63.0,,,17.22222222222222
11385,29980,201708190200,64.0,,,17.77777777777778
11386,29980,201708190300,63.0,,,17.22222222222222
11387,29980,201708190400,64.0,,,17.77777777777778
11388,29980,201708190500,64.0,,,17.77777777777778
11389,29980,201708190600,64.0,64.0,60.0,17.77777777777778
11390,29980,201708190700,64.0,,,17.77777777777778
11391,29980,201708190800,64.0,,,17.77777777777778
11392,29980,201708190900,66.0,,,18.88888888888889
11393,29980,201708191000,65.0,,,18.333333333333332
11394,29980,201708191100,66.0,,,18.88888888888889
11395,29980,201708191200,66.0,,,18.88888888888889
11396,29980,201708191300,69.0,,,20.555555555555554
11397,29980,201708191400,71.0,,,21.666666666666668
11398,29980,201708191500,69.0,,,20.555555555555554
11399,29980,201708191600,65.0,,,18.333333333333332
11400,29980,201708191700,64.0,,,17.77777777777778
11401,29980,201708191800,63.0,72.0,63.0,17.22222222222222
11402,29980,201708191900,64.0,,,17.77777777777778
11403,29980,201708192000,64.0,,,17.77777777777778
11404,29980,201708192100,63.0,,,17.22222222222222
11405,29980,201708192200,63.0,,,17.22222222222222
11406,29980,201708192300,63.0,,,17.22222222222222
11407,29980,201708200000,63.0,,,17.22222222222222
11408,29980,201708200100,62.0,,,16.666666666666668
11409,29980,201708200200,62.0,,,16.666666666666668
11410,29980,201708200300,61.0,,,16.11111111111111
11411,29980,201708200400,61.0,,,16.11111111111111
11412,29980,201708200500,62.0,,,16.666666666666668
11413,29980,201708200600,64.0,64.0,60.0,17.77777777777778
11414,29980,201708200700,65.0,,,18.333333333333332
11415,29980,201708200800,65.0,,,18.333333333333332
11416,29980,201708200900,65.0,,,18.333333333333332
11417,29980,201708201000,65.0,,,18.333333333333332
11418,29980,201708201100,67.0,,,19.444444444444443
11419,29980,201708201200,66.0,,,18.88888888888889
11420,29980,201708201300,61.0,,,16.11111111111111
11421,29980,201708201400,65.0,,,18.333333333333332
11422,29980,201708201500,64.0,,,17.77777777777778
11423,29980,201708201600,64.0,,,17.77777777777778
11424,29980,201708201700,63.0,,,17.22222222222222
11425,29980,201708201800,61.0,68.0,61.0,16.11111111111111
11426,29980,201708201900,60.0,,,15.555555555555555
11427,29980,201708202000,61.0,,,16.11111111111111
11428,29980,201708202100,61.0,,,16.11111111111111
11429,29980,201708202200,60.0,,,15.555555555555555
11430,29980,201708202300,60.0,,,15.555555555555555
11431,29980,201708210000,59.0,,,15.0
11432,29980,201708210100,59.0,,,15.0
11433,29980,201708210200,59.0,,,15.0
11434,29980,201708210300,58.0,,,14.444444444444445
11435,29980,201708210400,59.0,,,15.0
11436,29980,201708210500,61.0,,,16.11111111111111
11437,29980,201708210600,62.0,62.0,58.0,16.666666666666668
11438,29980,201708210700,63.0,,,17.22222222222222
11439,29980,201708210800,63.0,,,17.22222222222222
11440,29980,201708210900,63.0,,,17.22222222222222
11441,29980,201708211000,64.0,,,17.77777777777778
11442,29980,201708211100,64.0,,,17.77777777777778
11443,29980,201708211200,64.0,,,17.77777777777778
11444,29980,201708211300,65.0,,,18.333333333333332
11445,29980,201708211400,66.0,,,18.88888888888889
11446,29980,201708211500,64.0,,,17.77777777777778
11447,29980,201708211600,64.0,,,17.77777777777778
11448,29980,201708211700,62.0,,,16.666666666666668
11449,29980,201708211800,61.0,66.0,61.0,16.11111111111111
11450,29980,201708211900,60.0,,,15.555555555555555
11451,29980,201708212000,58.0,,,14.444444444444445
11452,29980,201708212100,58.0,,,14.444444444444445
11453,29980,201708212200,57.0,,,13.88888888888889
11454,29980,201708212300,56.0,,,13.333333333333332
11455,29980,201708220000,56.0,,,13.333333333333332
11456,29980,201708220100,55.0,,,12.777777777777777
11457,29980,201708220200,55.0,,,12.777777777777777
11458,29980,201708220300,54.0,,,12.222222222222221
11459,29980,201708220400,55.0,,,12.777777777777777
11460,29980,201708220500,57.0,,,13.88888888888889
11461,29980,201708220600,57.0,61.0,54.0,13.88888888888889
11462,29980,201708220700,58.0,,,14.444444444444445
11463,29980,201708220800,59.0,,,15.0
11464,29980,201708220900,61.0,,,16.11111111111111
11465,29980,201708221000,62.0,,,16.666666666666668
11466,29980,201708221100,63.0,,,17.22222222222222
11467,29980,201708221200,62.0,,,16.666666666666668
11468,29980,201708221300,64.0,,,17.77777777777778
11469,29980,201708221400,64.0,,,17.77777777777778
11470,29980,201708221500,64.0,,,17.77777777777778
11471,29980,201708221600,64.0,,,17.77777777777778
11472,29980,201708221700,61.0,,,16.11111111111111
11473,29980,201708221800,59.0,65.0,57.0,15.0
11474,29980,201708221900,57.0,,,13.88888888888889
11475,29980,201708222000,56.0,,,13.333333333333332
11476,29980,201708222100,57.0,,,13.88888888888889
11477,29980,201708222200,54.0,,,12.222222222222221
11478,29980,201708222300,53.0,,,11.666666666666666
11479,29980,201708230000,52.0,,,11.11111111111111
11480,29980,201708230100,51.0,,,10.555555555555555
11481,29980,201708230200,51.0,,,10.555555555555555
11482,29980,201708230300,50.0,,,10.0
11483,29980,201708230400,50.0,,,10.0
11484,29980,201708230500,51.0,,,10.555555555555555
11485,29980,201708230600,53.0,60.0,50.0,11.666666666666666
11486,29980,201708230700,55.0,,,12.777777777777777
11487,29980,201708230800,55.0,,,12.777777777777777
11488,29980,201708230900,58.0,,,14.444444444444445
11489,29980,201708231000,61.0,,,16.11111111111111
11490,29980,201708231100,62.0,,,16.666666666666668
11491,29980,201708231200,63.0,,,17.22222222222222
11492,29980,201708231300,62.0,,,16.666666666666668
11493,29980,201708231400,62.0,,,16.666666666666668
11494,29980,201708231500,62.0,,,16.666666666666668
11495,29980,201708231600,61.0,,,16.11111111111111
11496,29980,201708231700,60.0,,,15.555555555555555
11497,29980,201708231800,58.0,63.0,53.0,14.444444444444445
11498,29980,201708231900,57.0,,,13.88888888888889
11499,29980,201708232000,55.0,,,12.777777777777777
11500,29980,201708232100,54.0,,,12.222222222222221
11501,29980,201708232200,54.0,,,12.222222222222221
11502,29980,201708232300,53.0,,,11.666666666666666
11503,29980,201708240000,52.0,,,11.11111111111111
11504,29980,201708240100,51.0,,,10.555555555555555
11505,29980,201708240200,51.0,,,10.555555555555555
11506,29980,201708240300,51.0,,,10.555555555555555
11507,29980,201708240400,51.0,,,10.555555555555555
11508,29980,201708240500,52.0,,,11.11111111111111
11509,29980,201708240600,54.0,58.0,51.0,12.222222222222221
11510,29980,201708240700,55.0,,,12.777777777777777
11511,29980,201708240800,57.0,,,13.88888888888889
11512,29980,201708240900,59.0,,,15.0
11513,29980,201708241000,61.0,,,16.11111111111111
11514,29980,201708241100,62.0,,,16.666666666666668
11515,29980,201708241200,63.0,,,17.22222222222222
11516,29980,201708241300,63.0,,,17.22222222222222
11517,29980,201708241400,61.0,,,16.11111111111111
11518,29980,201708241500,60.0,,,15.555555555555555
11519,29980,201708241600,58.0,,,14.444444444444445
11520,29980,201708241700,57.0,,,13.88888888888889
11521,29980,201708241800,54.0,65.0,54.0,12.222222222222221
11522,29980,201708241900,52.0,,,11.11111111111111
11523,29980,201708242000,50.0,,,10.0
11524,29980,201708242100,49.0,,,9.444444444444445
11525,29980,201708242200,49.0,,,9.444444444444445
11526,29980,201708242300,49.0,,,9.444444444444445
11527,29980,201708250000,48.0,,,8.88888888888889
11528,29980,201708250100,48.0,,,8.88888888888889
11529,29980,201708250200,48.0,,,8.88888888888889
11530,29980,201708250300,47.0,,,8.333333333333334
11531,29980,201708250400,49.0,,,9.444444444444445
11532,29980,201708250500,50.0,,,10.0
11533,29980,201708250600,51.0,54.0,47.0,10.555555555555555
11534,29980,201708250700,53.0,,,11.666666666666666
11535,29980,201708250800,54.0,,,12.222222222222221
11536,29980,201708250900,56.0,,,13.333333333333332
11537,29980,201708251000,56.0,,,13.333333333333332
11538,29980,201708251100,56.0,,,13.333333333333332
11539,29980,201708251200,57.0,,,13.88888888888889
11540,29980,201708251300,56.0,,,13.333333333333332
11541,29980,201708251400,55.0,,,12.777777777777777
11542,29980,201708251500,55.0,,,12.777777777777777
11543,29980,201708251600,54.0,,,12.222222222222221
11544,29980,201708251700,54.0,,,12.222222222222221
11545,29980,201708251800,53.0,57.0,51.0,11.666666666666666
11546,29980,201708251900,52.0,,,11.11111111111111
11547,29980,201708252000,52.0,,,11.11111111111111
11548,29980,201708252100,51.0,,,10.555555555555555
11549,29980,201708252200,49.0,,,9.444444444444445
11550,29980,201708252300,47.0,,,8.333333333333334
11551,29980,201708260000,46.0,,,7.777777777777778
11552,29980,201708260100,45.0,,,7.222222222222222
11553,29980,201708260200,44.0,,,6.666666666666666
11554,29980,201708260300,46.0,,,7.777777777777778
11555,29980,201708260400,48.0,,,8.88888888888889
11556,29980,201708260500,50.0,,,10.0
11557,29980,201708260600,53.0,53.0,44.0,11.666666666666666
11558,29980,201708260700,56.0,,,13.333333333333332
11559,29980,201708260800,57.0,,,13.88888888888889
11560,29980,201708260900,56.0,,,13.333333333333332
11561,29980,201708261000,59.0,,,15.0
11562,29980,201708261100,60.0,,,15.555555555555555
11563,29980,201708261200,53.0,,,11.666666666666666
11564,29980,201708261300,58.0,,,14.444444444444445
11565,29980,201708261400,56.0,,,13.333333333333332
11566,29980,201708261500,53.0,,,11.666666666666666
11567,29980,201708261600,53.0,,,11.666666666666666
11568,29980,201708261700,54.0,,,12.222222222222221
11569,29980,201708261800,51.0,61.0,51.0,10.555555555555555
11570,29980,201708261900,49.0,,,9.444444444444445
11571,29980,201708262000,49.0,,,9.444444444444445
11572,29980,201708262100,47.0,,,8.333333333333334
11573,29980,201708262200,47.0,,,8.333333333333334
11574,29980,201708262300,46.0,,,7.777777777777778
11575,29980,201708270000,45.0,,,7.222222222222222
11576,29980,201708270100,45.0,,,7.222222222222222
11577,29980,201708270200,44.0,,,6.666666666666666
11578,29980,201708270300,43.0,,,6.111111111111111
11579,29980,201708270400,43.0,,,6.111111111111111
11580,29980,201708270500,47.0,,,8.333333333333334
11581,29980,201708270600,51.0,51.0,43.0,10.555555555555555
11582,29980,201708270700,53.0,,,11.666666666666666
11583,29980,201708270800,54.0,,,12.222222222222221
11584,29980,201708270900,55.0,,,12.777777777777777
11585,29980,201708271000,58.0,,,14.444444444444445
11586,29980,201708271100,58.0,,,14.444444444444445
11587,29980,201708271200,58.0,,,14.444444444444445
11588,29980,201708271300,57.0,,,13.88888888888889
11589,29980,201708271400,57.0,,,13.88888888888889
11590,29980,201708271500,56.0,,,13.333333333333332
11591,29980,201708271600,55.0,,,12.777777777777777
11592,29980,201708271700,55.0,,,12.777777777777777
11593,29980,201708271800,52.0,59.0,51.0,11.11111111111111
11594,29980,201708271900,50.0,,,10.0
11595,29980,201708272000,49.0,,,9.444444444444445
11596,29980,201708272100,49.0,,,9.444444444444445
11597,29980,201708272200,49.0,,,9.444444444444445
11598,29980,201708272300,48.0,,,8.88888888888889
11599,29980,201708280000,49.0,,,9.444444444444445
11600,29980,201708280100,49.0,,,9.444444444444445
11601,29980,201708280200,48.0,,,8.88888888888889
11602,29980,201708280300,49.0,,,9.444444444444445
11603,29980,201708280400,49.0,,,9.444444444444445
11604,29980,201708280500,50.0,,,10.0
11605,29980,201708280600,52.0,52.0,48.0,11.11111111111111
11606,29980,201708280700,54.0,,,12.222222222222221
11607,29980,201708280800,57.0,,,13.88888888888889
11608,29980,201708281000,58.0,,,14.444444444444445
11609,29980,201708281100,58.0,,,14.444444444444445
11610,29980,201708281200,59.0,,,15.0
11611,29980,201708281300,61.0,,,16.11111111111111
11612,29980,201708281400,60.0,,,15.555555555555555
11613,29980,201708281500,58.0,,,14.444444444444445
11614,29980,201708281600,58.0,,,14.444444444444445
11615,29980,201708281700,56.0,,,13.333333333333332
11616,29980,201708281800,55.0,62.0,52.0,12.777777777777777
11617,29980,201708281900,53.0,,,11.666666666666666
11618,29980,201708282000,52.0,,,11.11111111111111
11619,29980,201708282100,50.0,,,10.0
11620,29980,201708282200,49.0,,,9.444444444444445
11621,29980,201708282300,49.0,,,9.444444444444445
11622,29980,201708290000,49.0,,,9.444444444444445
11623,29980,201708290100,47.0,,,8.333333333333334
11624,29980,201708290200,46.0,,,7.777777777777778
11625,29980,201708290300,48.0,,,8.88888888888889
11626,29980,201708290400,49.0,,,9.444444444444445
11627,29980,201708290500,51.0,,,10.555555555555555
11628,29980,201708290600,58.0,58.0,46.0,14.444444444444445
11629,29980,201708290700,61.0,,,16.11111111111111
11630,29980,201708290800,61.0,,,16.11111111111111
11631,29980,201708290900,62.0,,,16.666666666666668
11632,29980,201708291000,62.0,,,16.666666666666668
11633,29980,201708291100,62.0,,,16.666666666666668
11634,29980,201708291200,63.0,,,17.22222222222222
11635,29980,201708291300,63.0,,,17.22222222222222
11636,29980,201708291400,62.0,,,16.666666666666668
11637,29980,201708291500,62.0,,,16.666666666666668
11638,29980,201708291600,62.0,,,16.666666666666668
11639,29980,201708291700,62.0,,,16.666666666666668
11640,29980,201708291800,62.0,64.0,58.0,16.666666666666668
11641,29980,201708291900,60.0,,,15.555555555555555
11642,29980,201708292000,60.0,,,15.555555555555555
11643,29980,201708292100,60.0,,,15.555555555555555
11644,29980,201708292200,59.0,,,15.0
11645,29980,201708292300,59.0,,,15.0
11646,29980,201708300000,59.0,,,15.0
11647,29980,201708300100,59.0,,,15.0
11648,29980,201708300200,59.0,,,15.0
11649,29980,201708300300,59.0,,,15.0
11650,29980,201708300400,59.0,,,15.0
11651,29980,201708300500,60.0,,,15.555555555555555
11652,29980,201708300600,60.0,62.0,59.0,15.555555555555555
11653,29980,201708300700,61.0,,,16.11111111111111
11654,29980,201708300800,62.0,,,16.666666666666668
11655,29980,201708300900,65.0,,,18.333333333333332
11656,29980,201708301000,64.0,,,17.77777777777778
11657,29980,201708301100,66.0,,,18.88888888888889
11658,29980,201708301200,65.0,,,18.333333333333332
11659,29980,201708301300,65.0,,,18.333333333333332
11660,29980,201708301400,64.0,,,17.77777777777778
11661,29980,201708301500,64.0,,,17.77777777777778
11662,29980,201708301600,64.0,,,17.77777777777778
11663,29980,201708301700,64.0,,,17.77777777777778
11664,29980,201708301800,63.0,67.0,60.0,17.22222222222222
11665,29980,201708301900,62.0,,,16.666666666666668
11666,29980,201708302000,62.0,,,16.666666666666668
11667,29980,201708302100,62.0,,,16.666666666666668
11668,29980,201708302200,62.0,,,16.666666666666668
11669,29980,201708302300,61.0,,,16.11111111111111
11670,29980,201708310000,62.0,,,16.666666666666668
11671,29980,201708310100,61.0,,,16.11111111111111
11672,29980,201708310200,61.0,,,16.11111111111111
11673,29980,201708310300,60.0,,,15.555555555555555
11674,29980,201708310400,60.0,,,15.555555555555555
11675,29980,201708310500,60.0,,,15.555555555555555
11676,29980,201708310600,61.0,63.0,59.0,16.11111111111111
11677,29980,201708310700,61.0,,,16.11111111111111
11678,29980,201708310800,62.0,,,16.666666666666668
11679,29980,201708310900,62.0,,,16.666666666666668
11680,29980,201708311000,63.0,,,17.22222222222222
11681,29980,201708311100,63.0,,,17.22222222222222
11682,29980,201708311200,65.0,,,18.333333333333332
11683,29980,201708311300,66.0,,,18.88888888888889
11684,29980,201708311400,66.0,,,18.88888888888889
11685,29980,201708311500,66.0,,,18.88888888888889
11686,29980,201708311600,62.0,,,16.666666666666668
11687,29980,201708311700,62.0,,,16.666666666666668
11688,29980,201708311800,64.0,66.0,61.0,17.77777777777778
11689,29980,201708311900,64.0,,,17.77777777777778
11690,29980,201708312000,64.0,,,17.77777777777778
11691,29980,201708312100,64.0,,,17.77777777777778
11692,29980,201708312200,64.0,,,17.77777777777778
11693,29980,201708312300,64.0,,,17.77777777777778
